experiment,mode,gamma,phase,phase_iteration,t,objective_estimate,reg_objective_estimate,sample_loss,beta_min,beta_max
adaptive gamma,adaptive,0.1,0,0,0,1.6151711549387222,64335.56642796648,1.5125947365173786,1.7064846416382253e-05,1.7064846416382253e-05
adaptive gamma,adaptive,0.1,0,1,1,1.6141938635692419,64335.56547968406,1.4603242149723112,1.7063839984431518e-05,1.7173514486898332e-05
adaptive gamma,adaptive,0.1,0,2,2,1.6131264629410744,64335.56449836053,1.4177897342201267,1.7062972960036845e-05,1.727807430309604e-05
adaptive gamma,adaptive,0.1,0,3,3,1.612062923043868,64335.56358986549,1.6540210298496332,1.7061899513034548e-05,1.7412761893584537e-05
adaptive gamma,adaptive,0.1,0,4,4,1.6113202598001632,64335.56298385199,1.8251762488760686,1.7061167094456637e-05,1.7479385961624758e-05
adaptive gamma,adaptive,0.1,0,5,5,1.6107872874248137,64335.562568895875,2.20958485403047,1.7060231773534846e-05,1.753732739199576e-05
adaptive gamma,adaptive,0.1,0,6,6,1.6107111565363659,64335.56251749882,1.6463609704593796,1.7057500697638637e-05,1.7524769849642958e-05
adaptive gamma,adaptive,0.1,0,7,7,1.6100800701217028,64335.562050347624,1.81448073001726,1.7056929382256952e-05,1.7571624690995643e-05
adaptive gamma,adaptive,0.1,0,8,8,1.6098725304251436,64335.561897594394,1.5135676556707185,1.7056727968527632e-05,1.757031571587409e-05
adaptive gamma,adaptive,0.1,0,9,9,1.6091814966668854,64335.56140962928,1.3612962153342567,1.7056549509828327e-05,1.7626031435993305e-05
adaptive gamma,adaptive,0.1,0,10,10,1.60838699664253,64335.56088520333,1.472043518913027,1.7056627105893415e-05,1.767741748805255e-05
adaptive gamma,adaptive,0.1,0,11,11,1.6076209190708417,64335.5604107716,2.034764008756033,1.705628308692273e-05,1.7770643507327754e-05
adaptive gamma,adaptive,0.1,0,12,12,1.6076950559906866,64335.5604599836,2.031138627861756,1.705545882571581e-05,1.7742261498751164e-05
adaptive gamma,adaptive,0.1,0,13,13,1.6076660062392998,64335.560457814114,1.6957167948201288,1.705420643892877e-05,1.7724014544623567e-05
adaptive gamma,adaptive,0.1,0,14,14,1.6071870011352365,64335.560177509455,1.6975090596009073,1.7053459542462224e-05,1.7779604823831637e-05
adaptive gamma,adaptive,0.1,0,15,15,1.6066991886052526,64335.55991204236,1.6950148626834909,1.7052635689700883e-05,1.7836841248268004e-05
adaptive gamma,adaptive,0.1,0,16,16,1.606146610402374,64335.55962999404,1.9414584886433421,1.7051434410504913e-05,1.7965042523462445e-05
adaptive gamma,adaptive,0.1,0,17,17,1.6060842345518433,64335.55961606446,1.8959560853661392,1.7050513583244432e-05,1.7982624593487738e-05
adaptive gamma,adaptive,0.1,0,18,18,1.6059078548162196,64335.559549947706,1.4762522139599252,1.704937513293126e-05,1.8038278929896374e-05
adaptive gamma,adaptive,0.1,0,19,19,1.6052883386800223,64335.55922179842,1.5300942324748912,1.7049447006692866e-05,1.8063808011938126e-05
adaptive gamma,adaptive,0.1,0,20,20,1.6048434214888516,64335.558999372646,1.2796585043531221,1.7049627277748603e-05,1.809484285491601e-05
adaptive gamma,adaptive,0.1,0,21,21,1.6040914208331407,64335.55865120585,1.7844846089055983,1.7050004446281218e-05,1.8121981276793506e-05
adaptive gamma,adaptive,0.1,0,22,22,1.6037942550446553,64335.55855023931,1.8288925333445314,1.7048784484346868e-05,1.8178681862264843e-05
adaptive gamma,adaptive,0.1,0,23,23,1.603816241871248,64335.558563248414,1.6220638209903484,1.7048672241565928e-05,1.8160807643909527e-05
adaptive gamma,adaptive,0.01,1,0,24,1.6035857245354836,6434.9990742536565,2.0554176722388355,1.7048851737177414e-05,1.8156247239927943e-05
adaptive gamma,adaptive,0.01,1,1,25,1.603204565589253,6434.9987208749135,1.816502946581672,1.7046618374145095e-05,1.8212825739518965e-05
adaptive gamma,adaptive,0.01,1,2,26,1.602479677671768,6434.998046581708,1.7524300598333846,1.7044828622172547e-05,1.8344539073653655e-05
adaptive gamma,adaptive,0.01,1,3,27,1.601587008094001,6434.997220663215,1.276831761848042,1.704282167756485e-05,1.8539798778656263e-05
adaptive gamma,adaptive,0.01,1,4,28,1.6001923934792401,6434.9959278582455,1.5124922562488328,1.7042416893751187e-05,1.8616246288472963e-05
adaptive gamma,adaptive,0.01,1,5,29,1.5993724195593455,6434.995172488496,1.7109491236003844,1.704218502042646e-05,1.8638282437284996e-05
adaptive gamma,adaptive,0.01,1,6,30,1.5985227694835784,6434.994398815779,1.7398904928147239,1.7040762724829963e-05,1.8777921471612162e-05
adaptive gamma,adaptive,0.01,1,7,31,1.5979881946258159,6434.993912719429,1.588384785593753,1.704025842625139e-05,1.8802552766393107e-05
adaptive gamma,adaptive,0.01,1,8,32,1.597141127716252,6434.9931443161395,1.7213854298981222,1.703965368050014e-05,1.88632842580333e-05
adaptive gamma,adaptive,0.01,1,9,33,1.5963035412697695,6434.9923914659985,1.4192473009313598,1.7038126089727118e-05,1.901043721308148e-05
adaptive gamma,adaptive,0.01,1,10,34,1.5952204544222743,6434.991417851283,1.378794036953579,1.7037740218420816e-05,1.9069292939970797e-05
adaptive gamma,adaptive,0.01,1,11,35,1.5940984329789594,6434.990414751769,1.2631500331532137,1.703742271505132e-05,1.9119617448871797e-05
adaptive gamma,adaptive,0.01,1,12,36,1.592756429901942,6434.989225132901,2.1171548638970505,1.7037127762075296e-05,1.9199845666731534e-05
adaptive gamma,adaptive,0.01,1,13,37,1.5925864637049545,6434.989078882898,1.8946241208901573,1.7035268221248897e-05,1.9196150810767588e-05
adaptive gamma,adaptive,0.01,1,14,38,1.5921495223676057,6434.988697546122,1.4380868849097936,1.7034026968808022e-05,1.923772358391196e-05
adaptive gamma,adaptive,0.01,1,15,39,1.591116305717256,6434.9877936473695,1.9821703167990075,1.7033665563798025e-05,1.929435751557844e-05
adaptive gamma,adaptive,0.01,1,16,40,1.5909064996751106,6434.987613594377,1.8452226368117142,1.703271879311154e-05,1.929778678329391e-05
adaptive gamma,adaptive,0.01,1,17,41,1.5904952523426161,6434.987258949941,1.6199361892773951,1.703195681054151e-05,1.9326480168603684e-05
adaptive gamma,adaptive,0.01,1,18,42,1.5896919205340105,6434.98656034751,1.2550225836441662,1.703124962600192e-05,1.94195646756276e-05
adaptive gamma,adaptive,0.01,1,19,43,1.588489851576502,6434.98552379659,1.8983487113713664,1.7031162850076292e-05,1.9504796622098018e-05
adaptive gamma,adaptive,0.01,1,20,44,1.5880825570731991,6434.985178355595,1.7685524622669233,1.702996443802086e-05,1.952300798439567e-05
adaptive gamma,adaptive,0.01,1,21,45,1.5873822365404573,6434.984581317594,1.32906106274118,1.7028486416367786e-05,1.9599230914141256e-05
adaptive gamma,adaptive,0.01,1,22,46,1.5861048350492504,6434.983490696585,1.393207512075707,1.70280535735601e-05,1.9768172380075066e-05
adaptive gamma,adaptive,0.01,1,23,47,1.5850239828864052,6434.982582201619,1.5275579423227255,1.7027763795232815e-05,1.988436442218882e-05
adaptive gamma,adaptive,0.001,2,0,48,1.5839683846944514,644.9237412092699,1.2030244430204409,1.702678533736579e-05,2.0024531823884085e-05
adaptive gamma,adaptive,0.001,2,1,49,1.5822284304877088,644.9220300574982,1.9700482467771212,1.7026122067494546e-05,2.0325570020889346e-05
adaptive gamma,adaptive,0.001,2,2,50,1.5819449541545763,644.9217517041233,1.9606533638126689,1.7025272727407807e-05,2.0328545725556554e-05
adaptive gamma,adaptive,0.001,2,3,51,1.5813707075350414,644.9211881791969,1.6455024316410336,1.7023192967716817e-05,2.0363808538541385e-05
adaptive gamma,adaptive,0.001,2,4,52,1.580552345663005,644.9203842672348,1.9889987165908773,1.702251132596985e-05,2.0432832432341943e-05
adaptive gamma,adaptive,0.001,2,5,53,1.5801518835078203,644.9199916797409,1.7919762381089603,1.7021023496431877e-05,2.044844873355699e-05
adaptive gamma,adaptive,0.001,2,6,54,1.5796745278839206,644.9195232536263,1.4467835213001512,1.7020515208485625e-05,2.046776118411221e-05
adaptive gamma,adaptive,0.001,2,7,55,1.5784521095050805,644.9183240430378,1.9737367566477155,1.7019827851388773e-05,2.0619914941962542e-05
adaptive gamma,adaptive,0.001,2,8,56,1.5779671440615237,644.9178491044322,1.3866002295568358,1.7017985156538334e-05,2.0645777248649183e-05
adaptive gamma,adaptive,0.001,2,9,57,1.5767124424211223,644.9166195610139,1.8988352907875803,1.701750456979877e-05,2.0792601646482106e-05
adaptive gamma,adaptive,0.001,2,10,58,1.576019946260184,644.9159418724822,1.9222142054800115,1.7015358941278317e-05,2.0845905929169593e-05
adaptive gamma,adaptive,0.001,2,11,59,1.575610652438294,644.9155415937738,1.9542513074968708,1.7014330169334625e-05,2.0862097659275135e-05
adaptive gamma,adaptive,0.001,2,12,60,1.575273864346364,644.9152125444008,1.5819639127432406,1.7013369927902866e-05,2.0870317060465087e-05
adaptive gamma,adaptive,0.001,2,13,61,1.5742716184365968,644.9142317480744,1.7708431196472512,1.7012539949856076e-05,2.0978505518387792e-05
adaptive gamma,adaptive,0.001,2,14,62,1.5735368732636055,644.913513463923,1.4627113523763193,1.701135974327073e-05,2.1040221969866622e-05
adaptive gamma,adaptive,0.001,2,15,63,1.5724067032679825,644.9124084471317,1.504307591377771,1.7010811633868846e-05,2.1167299867550942e-05
adaptive gamma,adaptive,0.001,2,16,64,1.5711607736560016,644.9111898636451,1.934482239900709,1.700975101270924e-05,2.1335661617603546e-05
adaptive gamma,adaptive,0.001,2,17,65,1.570586107814887,644.9106293467454,1.8563808172638936,1.700781792409565e-05,2.137386566348332e-05
adaptive gamma,adaptive,0.001,2,18,66,1.5699661172787551,644.91002483264,1.6338159008228057,1.7006479349480786e-05,2.141764830426953e-05
adaptive gamma,adaptive,0.001,2,19,67,1.5691290436948118,644.9092078868009,1.6065560953499114,1.70058092968726e-05,2.1493575964411157e-05
adaptive gamma,adaptive,0.001,2,20,68,1.5682087732286836,644.9083095486026,1.4286830297874027,1.7005069491764513e-05,2.158540209090076e-05
adaptive gamma,adaptive,0.001,2,21,69,1.5669784409392864,644.9071095670669,1.960085793478611,1.7004460805661944e-05,2.174283286443245e-05
adaptive gamma,adaptive,0.001,2,22,70,1.5666822020640259,644.9068217425925,1.553706671501236,1.700360021846291e-05,2.174669555730046e-05
adaptive gamma,adaptive,0.001,2,23,71,1.5656330322059147,644.905798809604,1.8110016622281901,1.7002805376673166e-05,2.186780273668005e-05
adaptive gamma,adaptive,0.0001,3,0,72,1.5650817235732795,65.8990998011746,1.4968101235112692,1.7001988226355845e-05,2.1901393487022692e-05
adaptive gamma,adaptive,0.0001,3,1,73,1.563966533606434,65.897987499741,1.4815817887463716,1.700135247920567e-05,2.2030216667208613e-05
adaptive gamma,adaptive,0.0001,3,2,74,1.5626823953088687,65.8967068316125,1.3818508019748026,1.700039531198528e-05,2.2206063384712515e-05
adaptive gamma,adaptive,0.0001,3,3,75,1.5611365333438056,65.89516513694684,1.498206160209158,1.6999322271037457e-05,2.2464447005896396e-05
adaptive gamma,adaptive,0.0001,3,4,76,1.5598279273530637,65.89386022363522,1.311175408399343,1.6998183915288095e-05,2.265549118769602e-05
adaptive gamma,adaptive,0.0001,3,5,77,1.558401886097061,65.8924383737956,1.7721896408125086,1.6997738630340705e-05,2.2841157170822855e-05
adaptive gamma,adaptive,0.0001,3,6,78,1.5576388366701972,65.89167766118217,1.6856375081447732,1.6996544962984625e-05,2.2909924874504246e-05
adaptive gamma,adaptive,0.0001,3,7,79,1.5567650777833666,65.89080652349207,1.7029855224189543,1.6995528310760793e-05,2.2999624971793502e-05
adaptive gamma,adaptive,0.0001,3,8,80,1.5558165346183648,65.88986091608845,1.6449283603583096,1.6994134522288674e-05,2.3106212599469068e-05
adaptive gamma,adaptive,0.0001,3,9,81,1.554911130590991,65.88895832069511,1.5632912544344055,1.6993280089801373e-05,2.320084794987272e-05
adaptive gamma,adaptive,0.0001,3,10,82,1.5539622298325473,65.88801241552513,1.7643540989534612,1.699272779412977e-05,2.3296492187442416e-05
adaptive gamma,adaptive,0.0001,3,11,83,1.553149131636897,65.88720198244754,1.930707154442718,1.699139458486464e-05,2.3375998689862286e-05
adaptive gamma,adaptive,0.0001,3,12,84,1.552512470527297,65.88656750934577,1.533645885772927,1.698938900109247e-05,2.3423469582430834e-05
adaptive gamma,adaptive,0.0001,3,13,85,1.5512754793169228,65.8853344675206,1.200541247509477,1.6988276708933745e-05,2.3596780756841112e-05
adaptive gamma,adaptive,0.0001,3,14,86,1.5496125679766584,65.8836769815263,1.1458440933909706,1.698784083781018e-05,2.386903417501892e-05
adaptive gamma,adaptive,0.0001,3,15,87,1.547934109422858,65.88200424377925,1.4810101160161684,1.698753593274591e-05,2.4119906685205923e-05
adaptive gamma,adaptive,0.0001,3,16,88,1.546711586204732,65.88078582323489,1.219950363366096,1.6986821919616395e-05,2.428007294607947e-05
adaptive gamma,adaptive,0.0001,3,17,89,1.545109284596551,65.87918912956704,1.1857838391510058,1.6986422927402087e-05,2.4531931422253334e-05
adaptive gamma,adaptive,0.0001,3,18,90,1.5431034209570234,65.8771902946086,1.904232505993391,1.698551514869387e-05,2.495456453620596e-05
adaptive gamma,adaptive,0.0001,3,19,91,1.5427336981333049,65.87682197817,2.0450568216580636,1.6984776437964895e-05,2.496632147929911e-05
adaptive gamma,adaptive,0.0001,3,20,92,1.5422540958223854,65.87634429655513,1.3044132421331311,1.698249429876727e-05,2.4992373629695136e-05
adaptive gamma,adaptive,0.0001,3,21,93,1.540502142549251,65.87459878454331,1.653092307033792,1.6981502225858956e-05,2.533320067584956e-05
adaptive gamma,adaptive,0.0001,3,22,94,1.5396487701951593,65.87374870593538,1.5285030325387712,1.698078380718688e-05,2.542166941733435e-05
adaptive gamma,adaptive,0.0001,3,23,95,1.5383382172148434,65.87244326535118,1.7322089119892854,1.697953892413451e-05,2.5629211254626187e-05
adaptive gamma,adaptive,0.0001,3,24,96,1.5373427711791905,65.87145182693598,1.7084643268466444,1.6977810690378323e-05,2.5753151348083404e-05
adaptive gamma,adaptive,0.0001,3,25,97,1.5362648746213172,65.8703783211333,1.779116352530206,1.6975954431816172e-05,2.5896019892661405e-05
adaptive gamma,adaptive,0.0001,3,26,98,1.5353836865445412,65.86950078065675,1.6641010901340982,1.6974274152478328e-05,2.5996358543389548e-05
adaptive gamma,adaptive,0.0001,3,27,99,1.5342158467316025,65.86833777595896,2.0260315015151282,1.697245611512806e-05,2.6231674790637043e-05
adaptive gamma,adaptive,0.0001,3,28,100,1.53378103235095,65.86790490442664,1.6994724835950248,1.6970590475437434e-05,2.6267236976749023e-05
adaptive gamma,adaptive,0.0001,3,29,101,1.5327966164141769,65.86692465645146,1.4150197748272535,1.6969186497875614e-05,2.6431274419906854e-05
adaptive gamma,adaptive,0.0001,3,30,102,1.5315696602265971,65.86570287008826,1.1987141445240526,1.696873449357963e-05,2.6541143237140362e-05
adaptive gamma,adaptive,0.0001,3,31,103,1.5299552454212475,65.86409537424309,1.5370851889520363,1.6968404733250452e-05,2.6725121496097423e-05
adaptive gamma,adaptive,0.0001,3,32,104,1.5288623314312528,65.86300713430265,1.1798390537757086,1.6967727065422295e-05,2.6868210305274217e-05
adaptive gamma,adaptive,0.0001,3,33,105,1.527033302374041,65.86118615782199,1.3345968888615674,1.696719267617723e-05,2.7230927186442574e-05
adaptive gamma,adaptive,0.0001,3,34,106,1.525690495275567,65.85984931986401,1.1733228858824791,1.6966835057789494e-05,2.7419546173181273e-05
adaptive gamma,adaptive,0.0001,3,35,107,1.523594922858243,65.85776317427172,1.102664086094924,1.6965903009626544e-05,2.7920225606852594e-05
adaptive gamma,adaptive,0.0001,3,36,108,1.521471103436658,65.85564917292716,1.0523032137569013,1.6965255718216338e-05,2.843006214752381e-05
adaptive gamma,adaptive,0.0001,3,37,109,1.519541495652265,65.85372886033528,1.5811846418394566,1.6964974812466586e-05,2.8787763719011477e-05
adaptive gamma,adaptive,0.0001,3,38,110,1.518325923956716,65.85251919440239,1.6137281366009024,1.6963753784159145e-05,2.8986637604122173e-05
adaptive gamma,adaptive,0.0001,3,39,111,1.5172078343496909,65.851406553698,1.3690916903637114,1.6962609536738396e-05,2.9157424590998484e-05
adaptive gamma,adaptive,0.0001,3,40,112,1.5156406800783384,65.84984729732633,1.5409467229299603,1.6961797538848018e-05,2.9457811239954278e-05
adaptive gamma,adaptive,0.0001,3,41,113,1.5146383045527443,65.84884984927754,1.4829855410548134,1.6961315851494223e-05,2.9580951347966115e-05
adaptive gamma,adaptive,0.0001,3,42,114,1.513470159269328,65.84768766571011,1.3665949812407627,1.6960760772721713e-05,2.9751921726247482e-05
adaptive gamma,adaptive,0.0001,3,43,115,1.5120178572207839,65.84624272059573,1.4837319248587835,1.6960191299986665e-05,3.000778175331026e-05
adaptive gamma,adaptive,0.0001,3,44,116,1.510788397725369,65.84501968674996,1.4126619921041923,1.6959524838849536e-05,3.020393486203663e-05
adaptive gamma,adaptive,0.0001,3,45,117,1.509287450464041,65.8435266655969,1.6303241557304107,1.6958644261396943e-05,3.0497254778150047e-05
adaptive gamma,adaptive,0.0001,3,46,118,1.508271775305394,65.84251641139525,1.5661432288077386,1.6957715633725328e-05,3.064447126519849e-05
adaptive gamma,adaptive,0.0001,3,47,119,1.5071466832014053,65.84139747094676,1.2729452741727076,1.695690607002099e-05,3.081433854738884e-05
adaptive gamma,adaptive,0.0001,3,48,120,1.5055061877147415,65.83976595938884,1.8941727109799782,1.695639432378795e-05,3.113576972693966e-05
adaptive gamma,adaptive,0.0001,3,49,121,1.5047641418129125,65.8390280908109,1.5583857433343258,1.695441170281978e-05,3.121697298835093e-05
adaptive gamma,adaptive,0.0001,3,50,122,1.5035276032269038,65.83779853438499,1.39161067753044,1.6953380021787146e-05,3.142524200442356e-05
adaptive gamma,adaptive,0.0001,3,51,123,1.502033028249759,65.83631228547156,1.0703479930942967,1.6952652388398877e-05,3.1717177620547544e-05
adaptive gamma,adaptive,0.0001,3,52,124,1.4998452172884762,65.83413705708082,1.3291997119492431,1.6952116102781248e-05,3.2273632960922514e-05
adaptive gamma,adaptive,0.0001,3,53,125,1.4981889268173036,65.83249022501272,1.7184472420401955,1.6951407722394337e-05,3.262778322203894e-05
adaptive gamma,adaptive,0.0001,3,54,126,1.4973181243690235,65.83162456290862,1.7244302896201935,1.6950396029363517e-05,3.274472470282822e-05
adaptive gamma,adaptive,0.0001,3,55,127,1.4962251947329857,65.83053811193258,1.7492832267303673,1.6948545698844064e-05,3.292176443491847e-05
adaptive gamma,adaptive,0.0001,3,56,128,1.49541717261102,65.82973484408824,1.728710329341179,1.6947486030438307e-05,3.302578620969909e-05
adaptive gamma,adaptive,0.0001,3,57,129,1.4946009892896646,65.82892357010545,1.5324862356549593,1.694656283495679e-05,3.312977877504971e-05
adaptive gamma,adaptive,0.0001,3,58,130,1.4933679567461884,65.8276979637394,1.2031375289286534,1.6945703871079014e-05,3.334936475891675e-05
adaptive gamma,adaptive,0.0001,3,59,131,1.4915853647319264,65.82592620109364,1.8697938605331044,1.694527444130982e-05,3.373068890436068e-05
adaptive gamma,adaptive,0.0001,3,60,132,1.490862093410701,65.82520741227545,1.5689631931238566,1.694358629445467e-05,3.381679043734916e-05
adaptive gamma,adaptive,0.0001,3,61,133,1.4896805731499148,65.82403332595302,1.7400700300392247,1.6942683660265916e-05,3.4018922768495355e-05
adaptive gamma,adaptive,0.0001,3,62,134,1.4888811386474006,65.82323880360147,1.3095871302803364,1.6941723380008264e-05,3.412152555173427e-05
adaptive gamma,adaptive,0.0001,3,63,135,1.4870350614271246,65.82140423433106,1.1569989744260978,1.6940797478510922e-05,3.457608582836394e-05
adaptive gamma,adaptive,0.0001,3,64,136,1.4848359125483555,65.81921915012487,1.2636370356790527,1.693998393589717e-05,3.519938837799306e-05
adaptive gamma,adaptive,0.0001,3,65,137,1.4832276743704753,65.8176214780955,1.4589390170140695,1.693960046211101e-05,3.551419122915761e-05
adaptive gamma,adaptive,0.0001,3,66,138,1.4818605718408093,65.81626315050347,1.2347768586743382,1.6938899843366936e-05,3.577993575711561e-05
adaptive gamma,adaptive,0.0001,3,67,139,1.4797148176524666,65.81413155552424,1.1258272999708048,1.6937835928963484e-05,3.639392937677341e-05
adaptive gamma,adaptive,0.0001,3,68,140,1.4777950725571263,65.81222495265814,1.2268146805642672,1.6937497923768532e-05,3.6821078827980336e-05
adaptive gamma,adaptive,0.0001,3,69,141,1.4757140699709348,65.81015823277293,1.8808793992811792,1.6936614451006604e-05,3.741296210019366e-05
adaptive gamma,adaptive,0.0001,3,70,142,1.4751686392842516,65.80961650800349,1.5632212623108102,1.693554451176087e-05,3.746592059101226e-05
adaptive gamma,adaptive,0.0001,3,71,143,1.4738180808448222,65.8082751752079,1.694336145303342,1.693431607682061e-05,3.77519729724429e-05
adaptive gamma,adaptive,0.0001,3,72,144,1.4729077581259107,65.80737105808127,1.3791045104402497,1.6933392011517674e-05,3.7893913949187976e-05
adaptive gamma,adaptive,0.0001,3,73,145,1.4713001999424462,65.80577461300302,1.791846536481891,1.6932670833201227e-05,3.826613197475351e-05
adaptive gamma,adaptive,0.0001,3,74,146,1.470218566391223,65.80470066765542,1.929604668932037,1.6930356959432105e-05,3.845377661708874e-05
adaptive gamma,adaptive,0.0001,3,75,147,1.4696161490382724,65.8041025544809,1.4532385823033396,1.692871098102554e-05,3.852013493088269e-05
adaptive gamma,adaptive,0.0001,3,76,148,1.4680162365225229,65.80251415215744,1.163477712243209,1.6927598327099077e-05,3.891054060630304e-05
adaptive gamma,adaptive,0.0001,3,77,149,1.465783341391714,65.80029749811176,1.890026636686902,1.6926826127873708e-05,3.959372618092394e-05
adaptive gamma,adaptive,0.0001,3,78,150,1.46514748880935,65.7996663197288,1.2631218149273409,1.6925436938609637e-05,3.966964150621145e-05
adaptive gamma,adaptive,0.0001,3,79,151,1.4631376229990378,65.79767103807384,1.1154636684577313,1.692463453039371e-05,4.023026158810397e-05
adaptive gamma,adaptive,0.0001,3,80,152,1.460877900890289,65.79542843193538,1.307955357333235,1.6924031999125367e-05,4.0918647358874226e-05
adaptive gamma,adaptive,0.0001,3,81,153,1.459098761904117,65.793662872605,1.1610876531895298,1.692336790835777e-05,4.138843214356017e-05
adaptive gamma,adaptive,0.0001,3,82,154,1.456744445335694,65.79132653392993,1.2504561729929733,1.6922507639430026e-05,4.216588384395786e-05
adaptive gamma,adaptive,0.0001,3,83,155,1.454717951634335,65.7893156928263,1.667893392326511,1.692176155168816e-05,4.2772063712306105e-05
adaptive gamma,adaptive,0.0001,3,84,156,1.4535180383205095,65.78812514033875,1.4070817734205192,1.692030664162458e-05,4.3032963672309036e-05
adaptive gamma,adaptive,0.0001,3,85,157,1.4519913288386317,65.78661019115485,1.104973423255545,1.6919700353320648e-05,4.3391775190431694e-05
adaptive gamma,adaptive,0.0001,3,86,158,1.4494154296850157,65.78405486164341,1.3915688305941698,1.691882553841787e-05,4.432273615113663e-05
adaptive gamma,adaptive,0.0001,3,87,159,1.447821961583326,65.78247423242884,1.4694894010899229,1.6918161925519027e-05,4.473938714023509e-05
adaptive gamma,adaptive,0.0001,3,88,160,1.4462349843049656,65.7809001728866,1.2056689286585267,1.6917136901005757e-05,4.5170983739663754e-05
adaptive gamma,adaptive,0.0001,3,89,161,1.444062155470178,65.77874538199045,1.2068631877534721,1.691641197713822e-05,4.588811796540639e-05
adaptive gamma,adaptive,0.0001,3,90,162,1.4422318637021498,65.77693036774507,1.0382590497687492,1.6916061412181423e-05,4.636893786606849e-05
adaptive gamma,adaptive,0.0001,3,91,163,1.439455993277799,65.77417797266371,1.6312348244915982,1.6915281029927428e-05,4.7464329350813174e-05
adaptive gamma,adaptive,0.0001,3,92,164,1.4381863798701222,65.77291921181912,1.5786272813242102,1.6914020571300794e-05,4.7776611410764646e-05
adaptive gamma,adaptive,0.0001,3,93,165,1.4371032334571059,65.77184521978488,1.500447015036062,1.6913427059208518e-05,4.80037743990383e-05
adaptive gamma,adaptive,0.0001,3,94,166,1.4358593933933872,65.77061191678148,1.197619613224359,1.6912897449307777e-05,4.828430099606331e-05
adaptive gamma,adaptive,0.0001,3,95,167,1.4338659459806706,65.76863599865622,1.487417823279716,1.691244607971236e-05,4.888784063026686e-05
adaptive gamma,adaptive,0.0001,3,96,168,1.432450966400224,65.7672334995193,0.9510275697827486,1.6911717964505273e-05,4.925729546344398e-05
adaptive gamma,adaptive,0.0001,3,97,169,1.4296475202245644,65.7644552797662,1.4872233635697467,1.6911227144780518e-05,5.035755335737803e-05
adaptive gamma,adaptive,0.0001,3,98,170,1.4280683237141205,65.76289008353488,2.060046633226111,1.6910238297832776e-05,5.082257007966532e-05
adaptive gamma,adaptive,0.0001,3,99,171,1.4274771500409098,65.76230414969254,1.41680307219947,1.6907425720709068e-05,5.08936307631507e-05
adaptive gamma,adaptive,0.0001,3,100,172,1.4257933028243224,65.76063528250826,1.3350584352837154,1.690664876849093e-05,5.139362390807209e-05
adaptive gamma,adaptive,0.0001,3,101,173,1.4237125336550394,65.75857340203557,1.5482020379578527,1.6905625929479998e-05,5.212277064351701e-05
adaptive gamma,adaptive,0.0001,3,102,174,1.4222028593526903,65.75707766198413,1.5237158135978723,1.690443140946161e-05,5.257080276809743e-05
adaptive gamma,adaptive,0.0001,3,103,175,1.4204424549665697,65.75533365244056,1.8679719786392752,1.690282466235366e-05,5.313774219918285e-05
adaptive gamma,adaptive,0.0001,3,104,176,1.419554763900122,65.75445421764023,1.3105653651176448,1.6900894853980487e-05,5.331557130039549e-05
adaptive gamma,adaptive,0.0001,3,105,177,1.4172318889728313,65.75215336002705,2.0084270894041536,1.6899593468833625e-05,5.4214598950708224e-05
adaptive gamma,adaptive,0.0001,3,106,178,1.416502120507897,65.75143044538201,1.1388209954529644,1.689670562874431e-05,5.4328862722069394e-05
adaptive gamma,adaptive,0.0001,3,107,179,1.4141780406063673,65.74912906606998,1.4030302812450017,1.6896179421624868e-05,5.5169634806998986e-05
adaptive gamma,adaptive,0.0001,3,108,180,1.4120101293173557,65.74698214693503,1.4093457834715446,1.6894631594281864e-05,5.597743511094142e-05
adaptive gamma,adaptive,0.0001,3,109,181,1.409985084167917,65.74497690764358,1.2531620004352098,1.6893358133792325e-05,5.672321177655739e-05
adaptive gamma,adaptive,0.0001,3,110,182,1.4075975672708259,65.7426130578545,0.7221482458715898,1.6892367971479855e-05,5.770477029570989e-05
adaptive gamma,adaptive,0.0001,3,111,183,1.4044236096522273,65.73947176799301,1.9804372726876414,1.6892128125505086e-05,5.8897464790732454e-05
adaptive gamma,adaptive,0.0001,3,112,184,1.4040121594247965,65.73906412906898,1.1926722900396318,1.689078497587332e-05,5.8934702016188584e-05
adaptive gamma,adaptive,0.0001,3,113,185,1.4016385580165076,65.73671447002543,1.2483107133593578,1.6890126156995223e-05,5.9903893376854684e-05
adaptive gamma,adaptive,0.0001,3,114,186,1.3994967260557527,65.7345949130441,1.1697110290995576,1.688951232361169e-05,6.071701208976602e-05
adaptive gamma,adaptive,0.0001,3,115,187,1.3971721444459415,65.73229438106875,1.4194896235985026,1.6888984686260598e-05,6.165341722439441e-05
adaptive gamma,adaptive,0.0001,3,116,188,1.395454366502443,65.73059466157025,1.0919200200368617,1.6888263624043116e-05,6.225272450334912e-05
adaptive gamma,adaptive,0.0001,3,117,189,1.392853565941331,65.72802128394652,1.0031858137424874,1.6887740441550998e-05,6.338673948973128e-05
adaptive gamma,adaptive,0.0001,3,118,190,1.389555949194698,65.724758714989,1.220788865119378,1.6886915149164942e-05,6.509608410318461e-05
adaptive gamma,adaptive,0.0001,3,119,191,1.387122796453478,65.722352094135,0.7340081018106827,1.6886150823609553e-05,6.619371146662198e-05
adaptive gamma,adaptive,0.0001,3,120,192,1.383602298149729,65.71887132381823,0.9033504168044213,1.688582484153842e-05,6.785278094610233e-05
adaptive gamma,adaptive,0.0001,3,121,193,1.3803498882596779,65.71565594176664,1.3320975873901215,1.688535526878369e-05,6.948246973967031e-05
adaptive gamma,adaptive,0.0001,3,122,194,1.3779333969557475,65.71326649585477,1.9115628563846314,1.6884161754958016e-05,7.064048165817148e-05
adaptive gamma,adaptive,0.0001,3,123,195,1.377380461396237,65.71271926700437,1.3699390133460558,1.6882959110734113e-05,7.073949514296275e-05
adaptive gamma,adaptive,0.0001,3,124,196,1.375651037269132,65.71100907488805,1.4564581790459195,1.688248520783295e-05,7.138744712180026e-05
adaptive gamma,adaptive,0.0001,3,125,197,1.3740411880496775,65.70941749044994,1.4570323428454528,1.688185059061797e-05,7.199791499344768e-05
adaptive gamma,adaptive,0.0001,3,126,198,1.3723480579888159,65.70774360052833,2.086634090125207,1.6881114223244e-05,7.267592783572111e-05
adaptive gamma,adaptive,0.0001,3,127,199,1.3717897428297001,65.70719132183719,1.7465521046020467,1.6878139864197386e-05,7.276189614167244e-05
adaptive gamma,adaptive,0.0001,3,128,200,1.3707201691220225,65.70613380528971,1.5951270462359854,1.6876900938687778e-05,7.310138238140394e-05
adaptive gamma,adaptive,0.0001,3,129,201,1.369407101143378,65.70483540520229,0.9953387909775177,1.687609862929445e-05,7.355802988276765e-05
adaptive gamma,adaptive,0.0001,3,130,202,1.3660216576476933,65.70148947474462,1.0213704115753437,1.6875388258092753e-05,7.549709119128055e-05
adaptive gamma,adaptive,0.0001,3,131,203,1.3628184502192346,65.69832475160588,1.5636501724893044,1.6874737568191586e-05,7.730976220512439e-05
adaptive gamma,adaptive,0.0001,3,132,204,1.3609802917496274,65.69650828427201,0.6612831455798656,1.6873201010711544e-05,7.812785971266501e-05
adaptive gamma,adaptive,0.0001,3,133,205,1.3570688358833758,65.69264586356665,1.0495436049558555,1.687289374468416e-05,8.018069448776963e-05
adaptive gamma,adaptive,0.0001,3,134,206,1.353418231099421,65.68903975371578,1.2645313476986078,1.6871840382154675e-05,8.247507285107435e-05
adaptive gamma,adaptive,0.0001,3,135,207,1.351303122060348,65.6869505097629,1.2673277649441836,1.687141194145406e-05,8.344717456886883e-05
adaptive gamma,adaptive,0.0001,3,136,208,1.3486607136675566,65.68434162317047,0.9736560239394241,1.6870478954165756e-05,8.491642941035612e-05
adaptive gamma,adaptive,0.0001,3,137,209,1.3443575927797646,65.68009289707457,1.745222868303254,1.6869171256528426e-05,8.792268246547015e-05
adaptive gamma,adaptive,0.0001,3,138,210,1.343116481534494,65.67886718443621,1.0973290234764597,1.6867692941809933e-05,8.843039540706781e-05
adaptive gamma,adaptive,0.0001,3,139,211,1.3402329395466068,65.67602101489393,1.1342128545939338,1.6867191452875597e-05,9.010182297124738e-05
adaptive gamma,adaptive,0.0001,3,140,212,1.3373871045525338,65.67321259157403,1.1692170724622564,1.6866630939600236e-05,9.177996799743652e-05
adaptive gamma,adaptive,0.0001,3,141,213,1.3343377374501157,65.67020389021589,1.0531716594289335,1.686580418928724e-05,9.371669066186821e-05
adaptive gamma,adaptive,0.0001,3,142,214,1.3307519126882141,65.66666632650842,0.7505767191357866,1.6864977256341747e-05,9.622227533443625e-05
adaptive gamma,adaptive,0.0001,3,143,215,1.326020847108672,65.662000695902,1.0229881334292512,1.6864338078427663e-05,9.988447828407804e-05
adaptive gamma,adaptive,0.0001,3,144,216,1.3225306574469486,65.65855863121216,0.8285350066823067,1.6863748819288668e-05,0.00010233204015160168
adaptive gamma,adaptive,0.0001,3,145,217,1.3180299162623086,65.65412159848412,1.0862252412722848,1.686310492294765e-05,0.0001058968911423214
adaptive gamma,adaptive,0.0001,3,146,218,1.3142780584956983,65.65042224749642,1.3845795038231747,1.686220385065589e-05,0.00010879842963621675
adaptive gamma,adaptive,0.0001,3,147,219,1.3118761780043486,65.64805350673419,1.3104286867563193,1.6861353781607654e-05,0.00011035046828722226
adaptive gamma,adaptive,0.0001,3,148,220,1.308976692176463,65.64519598755557,1.1612990158065122,1.6860287669366475e-05,0.00011242329915242632
adaptive gamma,adaptive,0.0001,3,149,221,1.3055626417755013,65.64183103849082,1.2346434253186305,1.685944317738391e-05,0.00011507352501225276
adaptive gamma,adaptive,0.0001,3,150,222,1.3018239761513455,65.63814677542902,2.076319290278032,1.6857879114650506e-05,0.00011810421072335247
adaptive gamma,adaptive,0.0001,3,151,223,1.3012500907416304,65.63758034757463,1.4622361372794221,1.6855139808729437e-05,0.00011825634239221525
adaptive gamma,adaptive,0.0001,3,152,224,1.2988021541653803,65.6351683297452,1.7528716825801332,1.6853878746731888e-05,0.00012001564069349429
adaptive gamma,adaptive,0.0001,3,153,225,1.2970508083657053,65.63344241613082,1.5804867083083298,1.6851449808882326e-05,0.00012105019303714325
adaptive gamma,adaptive,0.0001,3,154,226,1.2949569205712879,65.63137956402817,0.5004705995792254,1.6849959150912832e-05,0.00012246512104223135
adaptive gamma,adaptive,0.0001,3,155,227,1.289187370612799,65.62570073983782,1.1533762667875087,1.684952242279618e-05,0.00012732257368367264
adaptive gamma,adaptive,0.0001,3,156,228,1.2862489727271442,65.62280737008751,1.0872602909182416,1.6849085734657594e-05,0.0001295003063472155
adaptive gamma,adaptive,0.0001,3,157,229,1.282655976661352,65.61927124308785,1.3621239874281066,1.684848435425937e-05,0.00013241379456442595
adaptive gamma,adaptive,0.0001,3,158,230,1.279474701872684,65.61613915715769,0.9252738562782116,1.6847090232338955e-05,0.00013510917100722282
adaptive gamma,adaptive,0.0001,3,159,231,1.2745421007971758,65.61128553358294,1.875521303577671,1.684625511673583e-05,0.0001400101830394907
adaptive gamma,adaptive,0.0001,3,160,232,1.2733794897188586,65.61014045046733,0.8030696708041257,1.6844194454516786e-05,0.00014068759171988602
adaptive gamma,adaptive,0.0001,3,161,233,1.2681361691782123,65.60498456159837,1.8374482786646356,1.6843563225547413e-05,0.00014564313697315698
adaptive gamma,adaptive,0.0001,3,162,234,1.2674285821169957,65.60428703850869,1.382240495709376,1.684269331503905e-05,0.0001459608564205422
adaptive gamma,adaptive,0.0001,3,163,235,1.2640672454616722,65.60098073160482,1.279315487102546,1.6841077519236398e-05,0.0001490562937792131
adaptive gamma,adaptive,0.0001,3,164,236,1.26032887376773,65.59730379768149,1.2240184777205427,1.683976862035747e-05,0.0001527080750404737
adaptive gamma,adaptive,0.0001,3,165,237,1.2568197553668186,65.59385258157465,1.0621154622115656,1.6838967117023516e-05,0.00015607974846316045
adaptive gamma,adaptive,0.0001,3,166,238,1.252271827948203,65.58938304508148,1.180859697840852,1.6838082009241805e-05,0.00016075511800522793
adaptive gamma,adaptive,0.0001,3,167,239,1.2476710462533493,65.58486057837149,1.0394915753172322,1.6836633742614135e-05,0.00016575061529720212
adaptive gamma,adaptive,0.0001,3,168,240,1.242592973383112,65.57987023836667,1.3661068223405601,1.683559240597026e-05,0.0001715589879717578
adaptive gamma,adaptive,0.0001,3,169,241,1.2390239119623199,65.57636415466764,1.5367620326857017,1.6834180867443176e-05,0.0001752898419037108
adaptive gamma,adaptive,0.0001,3,170,242,1.2361061953567252,65.57349725725452,0.9397069635925257,1.6832345230994438e-05,0.00017821040260056496
adaptive gamma,adaptive,0.0001,3,171,243,1.230464554799574,65.56795913527642,0.9954614470306818,1.6831431457237022e-05,0.00018486716904079941
adaptive gamma,adaptive,0.0001,3,172,244,1.2249574145814506,65.56255225410776,1.7970566886790489,1.6830458144424406e-05,0.00019180439713892698
adaptive gamma,adaptive,0.0001,3,173,245,1.2243005934791276,65.56190536270536,1.5184931869367033,1.6829878544946862e-05,0.00019213272121312028
adaptive gamma,adaptive,0.0001,3,174,246,1.2214894020540767,65.55914482761982,1.180278429959923,1.6828513349905945e-05,0.00019517529940311757
adaptive gamma,adaptive,0.0001,3,175,247,1.2167184263802813,65.55446283175283,1.1136160560600032,1.6827303180670127e-05,0.00020119844836091684
adaptive gamma,adaptive,0.0001,3,176,248,1.2119105990604349,65.54974703789632,1.704264243894164,1.6826408490970614e-05,0.00020714431892320914
adaptive gamma,adaptive,0.0001,3,177,249,1.2098512154318881,65.54772580556094,1.3951185698575852,1.682477118228349e-05,0.00020925293709662027
adaptive gamma,adaptive,0.0001,3,178,250,1.206003869931941,65.5439513689343,1.3615635157559964,1.6823232399018562e-05,0.00021404928124089088
adaptive gamma,adaptive,0.0001,3,179,251,1.2027793682418049,65.54078892685516,1.3212885404826693,1.6822450265941068e-05,0.0002178871786356912
adaptive gamma,adaptive,0.0001,3,180,252,1.1988473618233755,65.53693339201484,1.5709626810327668,1.6821359727197093e-05,0.0002229729503686533
adaptive gamma,adaptive,0.0001,3,181,253,1.1954783051599889,65.53362981419374,1.0606190962120394,1.6818954551636482e-05,0.0002270447050844846
adaptive gamma,adaptive,0.0001,3,182,254,1.1905965957648135,65.52884553908027,1.2339497125312886,1.6818282949382868e-05,0.00023367049448290217
adaptive gamma,adaptive,0.0001,3,183,255,1.1861063555408087,65.52444422518965,1.0504486204371526,1.6817288972995572e-05,0.00023992812627962988
adaptive gamma,adaptive,0.0001,3,184,256,1.1797591844716906,65.51822733382465,0.9433506907627347,1.6815983166175013e-05,0.0002497562642686872
adaptive gamma,adaptive,0.0001,3,185,257,1.1725058906133798,65.51112453419582,1.0079412555921288,1.681470316975443e-05,0.0002616451342899477
adaptive gamma,adaptive,0.0001,3,186,258,1.1656656601111464,65.50442972820254,1.8189736626293993,1.68134600293753e-05,0.00027308967263564484
adaptive gamma,adaptive,0.0001,3,187,259,1.163991797889264,65.50278972059466,0.9773370910770515,1.681167840268148e-05,0.00027511808932104105
adaptive gamma,adaptive,0.0001,3,188,260,1.1564455198863397,65.49540842554022,1.4257965631013436,1.68102570742048e-05,0.0002882899484345498
adaptive gamma,adaptive,0.0001,3,189,261,1.1524272475742403,65.49147667499308,1.2906470332340316,1.6808914890232376e-05,0.00029475220601338106
adaptive gamma,adaptive,0.0001,3,190,262,1.1478762302856036,65.48702648723388,0.8173534983148918,1.6807944493581825e-05,0.00030223110406189005
adaptive gamma,adaptive,0.0001,3,191,263,1.1390399877825923,65.47839136211856,1.5515883556713228,1.680672782988672e-05,0.00031923887451517133
adaptive gamma,adaptive,0.0001,3,192,264,1.1363156019284486,65.47572705964193,1.5432765265795987,1.6805812608444475e-05,0.0003236216098538921
adaptive gamma,adaptive,0.0001,3,193,265,1.1336077359379464,65.47307868637148,0.7911695940750554,1.680494052054271e-05,0.00032797975283766477
adaptive gamma,adaptive,0.0001,3,194,266,1.1245131354912852,65.46420009926025,1.510924736119629,1.680381984870105e-05,0.00034567750535466015
adaptive gamma,adaptive,0.0001,3,195,267,1.1199126076759576,65.45970749475562,1.4553209621501642,1.680145160040021e-05,0.0003541162297907744
adaptive gamma,adaptive,0.0001,3,196,268,1.1158851810565653,65.45577484127149,0.9498406911312348,1.680022274610936e-05,0.00036171305844569105
adaptive gamma,adaptive,0.0001,3,197,269,1.107722702540513,65.44781361429003,0.8995277773473014,1.6799078951923466e-05,0.00037836602917350025
adaptive gamma,adaptive,0.0001,3,198,270,1.0982764309933744,65.43860413654703,1.3552010140546809,1.6797645689061007e-05,0.0003995237031445883
adaptive gamma,adaptive,0.0001,3,199,271,1.0933295235280471,65.43378156667193,0.7000822698606741,1.679653143571601e-05,0.0004098495335669968
adaptive gamma,adaptive,1e-05,4,0,272,1.0829317637617728,7.517004108980466,1.0501959360352247,1.679544336436363e-05,0.0004335054501756682
adaptive gamma,adaptive,1e-05,4,1,273,1.0740164833634593,7.508112237005342,1.619269486852459,1.6793836125067454e-05,0.0004556495206912811
adaptive gamma,adaptive,1e-05,4,2,274,1.0706634787243547,7.504767916052796,1.1649919612291473,1.6792542786709162e-05,0.00046307519284564903
adaptive gamma,adaptive,1e-05,4,3,275,1.0628710241454005,7.496996589218364,1.3334519681756556,1.6791104196607748e-05,0.00048243762032459313
adaptive gamma,adaptive,1e-05,4,4,276,1.0556603152048532,7.489805660175348,0.17650153975496244,1.6788927844082567e-05,0.0005007875814612263
adaptive gamma,adaptive,1e-05,4,5,277,1.0373845293743258,7.4715828156695805,1.1987580263566973,1.6787188039039564e-05,0.0005494767807372844
adaptive gamma,adaptive,1e-05,4,6,278,1.028255399084697,7.462480349856277,0.5033731100486178,1.6785021946934683e-05,0.0005760353972383046
adaptive gamma,adaptive,1e-05,4,7,279,1.0125716098810114,7.446844538043502,1.4489065943107866,1.678333879207687e-05,0.000622092913576809
adaptive gamma,adaptive,1e-05,4,8,280,1.0073901313797222,7.441678772508998,1.0614437499718938,1.6782209046417593e-05,0.0006373127031257228
adaptive gamma,adaptive,1e-05,4,9,281,0.9971940260449449,7.4315144919681835,1.012132532088521,1.6780573712328514e-05,0.0006711083047741419
adaptive gamma,adaptive,1e-05,4,10,282,0.9842632927738685,7.418625451061053,1.4521562153664214,1.6777873831817413e-05,0.0007163245897201529
adaptive gamma,adaptive,1e-05,4,11,283,0.9800738330523754,7.414449250022718,0.2402593728943187,1.6777134080479394e-05,0.000729681444327514
adaptive gamma,adaptive,1e-05,4,12,284,0.9569371821491827,7.391391794627267,0.6090043807102441,1.677443125576131e-05,0.0008183512473953829
adaptive gamma,adaptive,1e-05,4,13,285,0.9398345525588833,7.374350150432664,1.0890156455723783,1.6772344397612304e-05,0.0008862835810596488
adaptive gamma,adaptive,1e-05,4,14,286,0.9276842647551945,7.362244159878593,0.12270154513640213,1.677019499048807e-05,0.00093832870008965
adaptive gamma,adaptive,1e-05,4,15,287,0.9001462678027937,7.334812764988778,0.9207760411503422,1.6766775201337745e-05,0.0010613804700630816
adaptive gamma,adaptive,1e-05,4,16,288,0.8842181172889593,7.3189489018755,1.461771001426493,1.6764176051268345e-05,0.0011352863450395923
adaptive gamma,adaptive,1e-05,4,17,289,0.8762582064536983,7.3110213650892275,0.5789048267574647,1.6762137557889744e-05,0.0011741283686027481
adaptive gamma,adaptive,1e-05,4,18,290,0.854189488411735,7.289047265788437,1.6881727169300775,1.675884679905631e-05,0.0012887456973170494
adaptive gamma,adaptive,1e-05,4,19,291,0.8481428040622598,7.283026502244627,1.2291706673422294,1.6756141121734243e-05,0.0013206273000397012
adaptive gamma,adaptive,1e-05,4,20,292,0.8367595406046322,7.271693724826561,0.5502847365645176,1.675391223159882e-05,0.0013855506199189971
adaptive gamma,adaptive,1e-05,4,21,293,0.8124128826689644,7.247460650194301,0.21525636241875373,1.674991949860905e-05,0.0015364225127848293
adaptive gamma,adaptive,1e-05,4,22,294,0.7823643267087811,7.217561472278504,0.3136042877446603,1.6745219985077283e-05,0.0017317625161810562
adaptive gamma,adaptive,1e-05,4,23,295,0.7535485196503887,7.188897896072397,0.8533177752373355,1.6740414149097096e-05,0.0019435830215106809
adaptive gamma,adaptive,1e-05,4,24,296,0.7345752368055559,7.17002998352357,0.1678035613734851,1.6736803207297243e-05,0.0020855472106846087
adaptive gamma,adaptive,1e-05,4,25,297,0.7021588368438751,7.1378043649992025,1.3897955860375697,1.6730832781790356e-05,0.0023643940875222973
adaptive gamma,adaptive,1e-05,4,26,298,0.6900840775163954,7.125803296692627,0.7791623842838525,1.6726788757057266e-05,0.002470524297846017
adaptive gamma,adaptive,1e-05,4,27,299,0.6713022436338666,7.107140853073278,-0.3109260008692093,1.672304828634238e-05,0.0026425299244171117
adaptive gamma,adaptive,1e-05,4,28,300,0.629723667506275,7.065846296341183,1.3106281644987847,1.671425006490866e-05,0.003086014782673448
adaptive gamma,adaptive,1e-05,4,29,301,0.6193067781368339,7.055503344939225,1.640397302230877,1.6711441893026148e-05,0.00319925838011272
adaptive gamma,adaptive,1e-05,4,30,302,0.6148377642752793,7.051065454462154,-0.11525892353127781,1.670992554853841e-05,0.003246371810688101
adaptive gamma,adaptive,1e-05,4,31,303,0.5807038187993215,7.017193243832173,1.412758690927619,1.6701901806786878e-05,0.0036554670468074003
adaptive gamma,adaptive,1e-05,4,32,304,0.5714645129547321,7.0080267740831355,-0.36068714504022126,1.6698709458074233e-05,0.003767868615126572
adaptive gamma,adaptive,1e-05,4,33,305,0.5362846883421031,6.973144529659985,-0.5108914809150356,1.6689623819255694e-05,0.004241797201480823
adaptive gamma,adaptive,1e-05,4,34,306,0.5035380235415138,6.940697195859316,-0.9690685551448109,1.6680879625091386e-05,0.00470749819748832
adaptive gamma,adaptive,1e-05,4,35,307,0.467786736418977,6.905299361832533,1.177633137799919,1.667050881804999e-05,0.005274392859176251
adaptive gamma,adaptive,1e-05,4,36,308,0.457254461584542,6.894874819469779,-0.16902445518704856,1.666582306834552e-05,0.0054497163341518445
adaptive gamma,adaptive,1e-05,4,37,309,0.433454235122874,6.871331680817589,1.8175188083244262,1.6657647162640544e-05,0.005869899766736806
adaptive gamma,adaptive,1e-05,4,38,310,0.4300898530594556,6.868002162787112,-1.0083816054677022,1.665427235291569e-05,0.005925886829105944
adaptive gamma,adaptive,1e-05,4,39,311,0.40263635016469734,6.8408668718906265,0.18790091433728973,1.6645210577695147e-05,0.006419281878254271
adaptive gamma,adaptive,1e-05,4,40,312,0.38616073872301054,6.824590810364943,-0.0876192317421588,1.6638741410096408e-05,0.006742122303385594
adaptive gamma,adaptive,1e-05,4,41,313,0.36888165233741255,6.807529794661587,1.0003234374032055,1.6632057143082742e-05,0.0070912524341435555
adaptive gamma,adaptive,1e-05,4,42,314,0.36064190363779997,6.7993950886522345,1.7369123207101504,1.662834384509893e-05,0.007265582517641716
adaptive gamma,adaptive,1e-05,4,43,315,0.35787639563240886,6.796662908419504,0.26271195564353556,1.6625836847305188e-05,0.007319482522954254
adaptive gamma,adaptive,1e-05,4,44,316,0.34441058570196154,6.783376821305798,-0.11748841360332585,1.6620046083015716e-05,0.007619810619046473
adaptive gamma,adaptive,1e-05,4,45,317,0.329417911550152,6.768591973692043,-0.686659342689847,1.661352455925547e-05,0.007957716818327172
adaptive gamma,adaptive,1e-05,4,46,318,0.31230464407699476,6.751725817292365,0.03875437894576929,1.6606357371532208e-05,0.00835939045167264
adaptive gamma,adaptive,1e-05,4,47,319,0.29955667789888235,6.739167812219407,0.11952181583482618,1.6599648800810092e-05,0.008679926610597402
adaptive gamma,adaptive,1e-05,4,48,320,0.28864016621108285,6.728417891424959,-0.06942082616489842,1.6594664350710238e-05,0.008953528588878688
adaptive gamma,adaptive,1e-05,4,49,321,0.2769727741480536,6.716934116424727,-0.5697953411226782,1.6588824541703657e-05,0.009260678177532974
adaptive gamma,adaptive,1e-05,4,50,322,0.26369438539694784,6.703872060172136,0.10712881256267723,1.65821742973265e-05,0.009621765565356348
adaptive gamma,adaptive,1e-05,4,51,323,0.2539476413285046,6.694287442047797,0.3742928940363076,1.6576868903175155e-05,0.00989613604508158
adaptive gamma,adaptive,1e-05,4,52,324,0.24619689746592796,6.686667219006103,-0.8936331629356082,1.657291826431364e-05,0.010110883095383643
adaptive gamma,adaptive,1e-05,4,53,325,0.233307247319608,6.6740045345389785,0.8524855916238023,1.65656758657701e-05,0.010496813994600606
adaptive gamma,adaptive,1e-05,4,54,326,0.22788424158979295,6.668676157927569,0.8280228574285602,1.6562074788286707e-05,0.010655889151244572
adaptive gamma,adaptive,1e-05,4,55,327,0.2229659432120916,6.66384389575682,0.26343646108936514,1.65593973202212e-05,0.010796993813890711
adaptive gamma,adaptive,1e-05,4,56,328,0.21555460222173825,6.656567623565157,0.4493888400888817,1.6554831138641917e-05,0.01102408927094484
adaptive gamma,adaptive,1e-05,4,57,329,0.2091545649359642,6.650285591395098,0.08425778988956178,1.6550868988500606e-05,0.011216519903464908
adaptive gamma,adaptive,1e-05,4,58,330,0.2016723237080846,6.642944810326224,-1.1686209764741269,1.654627465740641e-05,0.011446394733106427
adaptive gamma,adaptive,1e-05,4,59,331,0.19066701765733055,6.632155235156836,0.19936087001299105,1.6540142582933037e-05,0.01179051451904701
adaptive gamma,adaptive,1e-05,4,60,332,0.18398321502601808,6.6256035317915805,0.9835798900019597,1.6534891346860007e-05,0.012013384286090051
adaptive gamma,adaptive,1e-05,4,61,333,0.17999771848171864,6.621695424626564,0.5776809872641582,1.6531327993528945e-05,0.012140733874824861
adaptive gamma,adaptive,1e-05,4,62,334,0.17510121546501078,6.616896076720081,-1.5845652213407826,1.6528222194155685e-05,0.012301801207424258
adaptive gamma,adaptive,1e-05,4,63,335,0.16456334307552797,6.60657960386901,0.0334401607839091,1.6521766526605573e-05,0.01266765215120044
adaptive gamma,adaptive,1e-05,4,64,336,0.15840123676578516,6.60054731537018,-0.9821750777076375,1.651736354698593e-05,0.012885975977501017
adaptive gamma,adaptive,1e-05,4,65,337,0.15006181671046454,6.592389586900766,-1.396462099972431,1.65115875305344e-05,0.013192349945271622
adaptive gamma,adaptive,1e-05,4,66,338,0.14124148827323393,6.583766397893734,1.2539457088952115,1.650559052094514e-05,0.013523964312244426
adaptive gamma,adaptive,1e-05,4,67,339,0.13889542745343555,6.581468504205032,-0.5897079073898417,1.65033842781349e-05,0.0136042708334207
adaptive gamma,adaptive,1e-05,4,68,340,0.13216372727027664,6.574890026682561,-0.6343078249041291,1.6498077759675073e-05,0.013862739442935028
adaptive gamma,adaptive,1e-05,4,69,341,0.1256160762743308,6.568493867795705,0.7141804968986838,1.649312600949514e-05,0.014115716772460435
adaptive gamma,adaptive,1e-05,4,70,342,0.12216837388850046,6.56512330060794,0.7949936131915791,1.649047804338435e-05,0.014244444245294486
adaptive gamma,adaptive,1e-05,4,71,343,0.11893174075335271,6.561959323873211,0.7939211698501213,1.6487871153538907e-05,0.014366749336023738
adaptive gamma,adaptive,1e-05,4,72,344,0.11563769796770208,6.558740316471795,-1.1566714436243284,1.648451691297331e-05,0.01449047321108519
adaptive gamma,adaptive,1e-05,4,73,345,0.10863003291257035,6.551903296519738,-0.5237786716169937,1.647899746083151e-05,0.014782431762221182
adaptive gamma,adaptive,1e-05,4,74,346,0.1030062004884474,6.546416824111295,0.8788383045798496,1.647482985093007e-05,0.015006624188944061
adaptive gamma,adaptive,1e-05,4,75,347,0.1000868702863713,6.543566228458968,0.6114998926217442,1.64711597998385e-05,0.015121170263894233
adaptive gamma,adaptive,1e-05,4,76,348,0.09679929762617577,6.54035749597622,1.2833990976603618,1.6468207835737687e-05,0.015250044518126846
adaptive gamma,adaptive,1e-05,4,77,349,0.09478474719599224,6.538388641223977,0.278831360056677,1.6465114605744222e-05,0.015325201905547209
adaptive gamma,adaptive,1e-05,4,78,350,0.09093920049733567,6.534638225170748,0.8386184431601047,1.6461395629713337e-05,0.015483148013607636
adaptive gamma,adaptive,1e-05,4,79,351,0.0882881758034671,6.532050536015575,0.47329238160664794,1.6459113077218768e-05,0.015588652250208054
adaptive gamma,adaptive,1e-05,4,80,352,0.08486344436836317,6.528711300932446,0.3002800012172755,1.6455200668457814e-05,0.015732654761254163
adaptive gamma,adaptive,1e-05,4,81,353,0.08127829218717067,6.525216541689301,0.23880028006072462,1.6452057724791016e-05,0.015881198486257016
adaptive gamma,adaptive,1e-05,4,82,354,0.07765015191245431,6.521680875777655,-0.23930453807169783,1.6448930533448448e-05,0.016032009001882386
adaptive gamma,adaptive,1e-05,4,83,355,0.07332094244853511,6.517465037742783,-0.02087585864350798,1.6445163848143955e-05,0.01621693679811661
adaptive gamma,adaptive,1e-05,4,84,356,0.06937826978000781,6.513626055982741,-1.1162929216387543,1.644175508743771e-05,0.016392693445925356
adaptive gamma,adaptive,1e-05,4,85,357,0.06406067651766795,6.508453874400175,-0.7116668594639248,1.6437039227676726e-05,0.016639855177206644
adaptive gamma,adaptive,1e-05,4,86,358,0.05937290774171333,6.503894700721753,0.9912029711177024,1.6433062532055807e-05,0.016855861823478133
adaptive gamma,adaptive,1e-05,4,87,359,0.05719016316330761,6.50176789340406,0.030003389759952426,1.642940287097583e-05,0.01694902404662656
adaptive gamma,adaptive,1e-05,4,88,360,0.05368240152882507,6.498355440366751,0.09815308437052617,1.642644790674722e-05,0.01710684862631706
adaptive gamma,adaptive,1e-05,4,89,361,0.050348557533265774,6.49511270777177,-0.5927638832723503,1.6423586183189965e-05,0.017255402387395914
adaptive gamma,adaptive,1e-05,4,90,362,0.04620284446594161,6.4910846600687115,0.030252867107478876,1.6419617716702225e-05,0.01745411725375911
adaptive gamma,adaptive,1e-05,4,91,363,0.04288008732684219,6.487855119994264,0.12435174744740163,1.6416342086565563e-05,0.017604354692708695
adaptive gamma,adaptive,1e-05,4,92,364,0.0397711518523453,6.484833297110016,0.09229188968915403,1.6413570744086344e-05,0.017746193342340812
adaptive gamma,adaptive,1e-05,4,93,365,0.03668139284816534,6.481831636552117,-1.4179318350567627,1.6409796636286707e-05,0.017893737646737642
adaptive gamma,adaptive,1e-05,4,94,366,0.031988695841405713,6.477279546798226,0.11854503080806655,1.640525336612796e-05,0.01813315063342077
adaptive gamma,adaptive,1e-05,4,95,367,0.02907793963538879,6.474452971870406,-1.6103936806949357,1.6402120932527826e-05,0.018272755725374935
adaptive gamma,adaptive,1e-05,4,96,368,0.024459643567405938,6.46997638969263,1.4252618680045346,1.6397500375858328e-05,0.018513721133630475
adaptive gamma,adaptive,1e-05,4,97,369,0.023333263460636005,6.468877287153068,-0.15635744622095282,1.6395504260977048e-05,0.018558770696156888
adaptive gamma,adaptive,1e-05,4,98,370,0.020224910885139103,6.4658617173336745,1.1436113595559667,1.6392458026430902e-05,0.018713534980058705
adaptive gamma,adaptive,1e-05,4,99,371,0.018665529205526797,6.464344268954323,-1.4764546153656906,1.6389519338410304e-05,0.018782189661817883
adaptive gamma,adaptive,1e-05,4,100,372,0.01436976836140396,6.460184084261401,0.10397915788987144,1.6385016607489137e-05,0.01901471914616883
adaptive gamma,adaptive,1e-05,4,101,373,0.011689672317663054,6.457584643407783,-0.6910679669843185,1.6382299659057466e-05,0.019145878930107295
adaptive gamma,adaptive,1e-05,4,102,374,0.00815095424029597,6.454156414169792,-0.25511676449135456,1.637906418374688e-05,0.019324041163282353
adaptive gamma,adaptive,1e-05,4,103,375,0.005142111362919851,6.451240777821258,-0.7279218737859267,1.6376271387043664e-05,0.019475842524428605
adaptive gamma,adaptive,1e-05,4,104,376,0.0018344898321239274,6.448038680968193,-1.0098537839928534,1.637281750141802e-05,0.019650570467512396
adaptive gamma,adaptive,1e-05,4,105,377,-0.0017318749133225174,6.4445877607299265,0.7894804531926942,1.6369356854413355e-05,0.01983976541472962
adaptive gamma,adaptive,1e-05,4,106,378,-0.003450832164384432,6.442919455148043,1.2783418075950714,1.6367196958530073e-05,0.019924562687359752
adaptive gamma,adaptive,1e-05,4,107,379,-0.004527273223239322,6.441869919357636,-0.43266206717646927,1.636604012774363e-05,0.0199686104496349
adaptive gamma,adaptive,1e-05,4,108,380,-0.007415780610912914,6.439074803440952,-1.378589234661881,1.6362829009092056e-05,0.02012185778667045
adaptive gamma,adaptive,1e-05,4,109,381,-0.01093141793760623,6.435677378071438,0.8461652059619493,1.6358529363500044e-05,0.020321183549441294
adaptive gamma,adaptive,1e-05,4,110,382,-0.012508500076321342,6.434146632292814,-1.5049270568182402,1.6356430554369125e-05,0.02039845337844964
adaptive gamma,adaptive,1e-05,4,111,383,-0.016251912294459322,6.430530455527151,1.1699382369689502,1.635263995500602e-05,0.02060081344688041
adaptive gamma,adaptive,1e-05,4,112,384,-0.0174968980785569,6.42932080258036,-1.408119489495614,1.635063682934656e-05,0.020659139820716398
adaptive gamma,adaptive,1e-05,4,113,385,-0.02081669986365351,6.4261155475853915,0.08695250104532862,1.634658125000171e-05,0.020850767089898893
adaptive gamma,adaptive,1e-05,4,114,386,-0.023010905923255495,6.423994023571881,1.1396092696624793,1.634330560555958e-05,0.020973144407894617
adaptive gamma,adaptive,1e-05,4,115,387,-0.024199553701645803,6.422839240517411,1.084986324005839,1.634142599958495e-05,0.021029096891550293
adaptive gamma,adaptive,1e-05,4,116,388,-0.025414831136592993,6.421658560446796,-0.5287818127505866,1.6339750640652156e-05,0.02108583930139751
adaptive gamma,adaptive,1e-05,4,117,389,-0.02805367558376115,6.419109879648397,1.5000930824789327,1.6336685391300322e-05,0.021232843790964434
adaptive gamma,adaptive,1e-05,4,118,390,-0.028832492251445067,6.418349368862586,0.6456516664827869,1.633528190406249e-05,0.021262564840594567
adaptive gamma,adaptive,1e-05,4,119,391,-0.030462377739156672,6.4167699810191525,-1.7274757531201155,1.6333417494675175e-05,0.021344762039354537
adaptive gamma,adaptive,1e-05,4,120,392,-0.033938940499595796,6.413417721715782,0.30233571367436696,1.6329611751524057e-05,0.021545983704211007
adaptive gamma,adaptive,1e-05,4,121,393,-0.03583392398751655,6.411585744028092,0.8845429860603865,1.6327248475636298e-05,0.021648108737342214
adaptive gamma,adaptive,1e-05,4,122,394,-0.03719113753389068,6.410270575537582,-1.1594224076006994,1.6325017034367474e-05,0.02171824874241935
adaptive gamma,adaptive,1e-05,4,123,395,-0.039976405310576967,6.407586168759158,1.3772612604189551,1.632105976605775e-05,0.02188874569287941
adaptive gamma,adaptive,1e-05,4,124,396,-0.0408313342615559,6.406753171478049,-0.0640042212659856,1.6319664191819905e-05,0.021924314127308924
adaptive gamma,adaptive,1e-05,4,125,397,-0.04291182617006107,6.404744630496063,1.3624594641887027,1.631690501993012e-05,0.022043532736706506
adaptive gamma,adaptive,1e-05,4,126,398,-0.043825697746089846,6.403855449432245,0.6847327381626823,1.6315199893387452e-05,0.02208391591709672
adaptive gamma,adaptive,1e-05,4,127,399,-0.045310479772304825,6.402418324286729,0.15217609769258386,1.631303073790084e-05,0.022163369872367226
adaptive gamma,adaptive,1e-05,4,128,400,-0.04718512325660193,6.400608590897258,1.5001661603346845,1.631006910477634e-05,0.022272899685273705
adaptive gamma,adaptive,1e-05,4,129,401,-0.04792307619482291,6.399888242262049,-0.9773628538399067,1.6308726491337168e-05,0.02230118464331704
adaptive gamma,adaptive,1e-05,4,130,402,-0.050494655685170406,6.397411694128212,-0.34407146656126103,1.6304971645445328e-05,0.022462150184569575
adaptive gamma,adaptive,1e-05,4,131,403,-0.052627898404831085,6.395355650542327,-1.0995795657601513,1.6301688317118497e-05,0.02259233337144719
adaptive gamma,adaptive,1e-05,4,132,404,-0.055337464168786085,6.392746867054006,1.361970026228386,1.629857098636221e-05,0.022753831442030463
adaptive gamma,adaptive,1e-05,4,133,405,-0.056172049775073604,6.39193444161139,-1.2024150713485606,1.629711541689524e-05,0.02278968968114329
adaptive gamma,adaptive,1e-05,4,134,406,-0.058694538592168694,6.389507358281245,0.5575585207635375,1.629366120267434e-05,0.022948115203687343
adaptive gamma,adaptive,1e-05,4,135,407,-0.06017149442580979,6.388079642931578,-0.05976448859312983,1.6291696046175382e-05,0.02302899378946944
adaptive gamma,adaptive,1e-05,4,136,408,-0.06202056629970986,6.386297370453556,-1.6249209601799144,1.628899592296473e-05,0.023139822402999954
adaptive gamma,adaptive,1e-05,4,137,409,-0.06483642778097137,6.383590551986195,-0.3979160421381964,1.6285622879647936e-05,0.023315387666123878
adaptive gamma,adaptive,1e-05,4,138,410,-0.0668205539880617,6.381681213775442,1.7868822801697737,1.6282292282839615e-05,0.02344195770150908
adaptive gamma,adaptive,1e-05,4,139,411,-0.06726744456302572,6.381240068659957,-1.2294837531611877,1.6281266838558308e-05,0.0234503371488186
adaptive gamma,adaptive,1e-05,4,140,412,-0.0696508001205292,6.378949477075306,-0.4153026192033381,1.6277935062237617e-05,0.023604071163792657
adaptive gamma,adaptive,1e-05,4,141,413,-0.07168488139795924,6.376991832552466,1.3143080070271673,1.6275360910681894e-05,0.02372807228377314
adaptive gamma,adaptive,1e-05,4,142,414,-0.07256702900684985,6.376134897877653,0.47712329270052234,1.627365769053043e-05,0.023769034541528615
adaptive gamma,adaptive,1e-05,4,143,415,-0.073983918566053,6.3747672997236275,0.5195144807852679,1.6271638017138295e-05,0.023849825140990297
adaptive gamma,adaptive,1e-05,4,144,416,-0.07537974364295795,6.373419853617176,-1.1950079627962993,1.626950697589954e-05,0.023930231529746382
adaptive gamma,adaptive,1e-05,4,145,417,-0.07767141802492378,6.371219012191028,-0.920637141357436,1.6266284149648712e-05,0.024080675376112918
adaptive gamma,adaptive,1e-05,4,146,418,-0.07976512614929314,6.369207973787906,0.9638334138945195,1.6263186946154303e-05,0.024217754775558667
adaptive gamma,adaptive,1e-05,4,147,419,-0.08079664522932237,6.368209397668387,0.7562923665992081,1.6261509502917804e-05,0.024271387046093416
adaptive gamma,adaptive,1e-05,4,148,420,-0.08196305223808721,6.367082235798617,0.3450586998867575,1.6259670639925434e-05,0.024335613677590524
adaptive gamma,adaptive,1e-05,4,149,421,-0.08341323202451519,6.365684107362615,0.6926142749311367,1.625775235348349e-05,0.024419699162738888
adaptive gamma,adaptive,1e-05,4,150,422,-0.0846160988052181,6.36452312612969,-1.901485821293066,1.625542885071998e-05,0.024489246918915315
adaptive gamma,adaptive,1e-05,4,151,423,-0.08738073328090798,6.361872849738405,-1.66694190009601,1.6252149051743946e-05,0.02466624410091441
adaptive gamma,adaptive,1e-05,4,152,424,-0.08963757689516678,6.3597099341431305,0.7484091423471143,1.6248724253518054e-05,0.024822708334225976
adaptive gamma,adaptive,1e-05,4,153,425,-0.09076660933028255,6.358619338266144,1.395795560708783,1.6246846267147708e-05,0.024886128095703487
adaptive gamma,adaptive,1e-05,4,154,426,-0.09150199817243473,6.357903550751054,-1.4353160884569656,1.624545360623715e-05,0.024917371292878607
adaptive gamma,adaptive,1e-05,4,155,427,-0.09379210216285098,6.355708430294312,-0.8836502672640351,1.6242485263048614e-05,0.02506948526248324
adaptive gamma,adaptive,1e-05,4,156,428,-0.09575486718192401,6.353825873501294,0.5833497670826657,1.6239633604060577e-05,0.025201781358798483
adaptive gamma,adaptive,1e-05,4,157,429,-0.09694091046389101,6.352682071363352,-0.6463843923774352,1.6237797986934415e-05,0.02527033391906383
adaptive gamma,adaptive,1e-05,4,158,430,-0.09872725808505997,6.3509682651735,-0.9746596133612911,1.6235209290968304e-05,0.02538805117537242
adaptive gamma,adaptive,1e-05,4,159,431,-0.10063503728380963,6.349140103288891,1.1432987285508436,1.6232169842918975e-05,0.02552101971214413
adaptive gamma,adaptive,1e-05,4,160,432,-0.10146665703183248,6.34833370557911,-1.440197576710625,1.6230712313780126e-05,0.025561570832259198
adaptive gamma,adaptive,1e-05,4,161,433,-0.10358264753387005,6.34630777877225,1.6553136910712842,1.622782854227437e-05,0.025706111998883844
adaptive gamma,adaptive,1e-05,4,162,434,-0.10406731745354567,6.345830926577099,1.5761398895080478,1.6226780355882035e-05,0.02571788193262279
adaptive gamma,adaptive,1e-05,4,163,435,-0.10465311242506485,6.345257874007492,-1.07695492711259,1.6225448193195696e-05,0.025737853637686884
adaptive gamma,adaptive,1e-05,4,164,436,-0.10657524640711263,6.343416898035249,-0.7874629792419514,1.622265899230168e-05,0.025870480868983484
adaptive gamma,adaptive,1e-05,4,165,437,-0.1083745286187839,6.341692727459097,0.6517091548161934,1.6220144272600357e-05,0.02599118567812027
adaptive gamma,adaptive,1e-05,4,166,438,-0.10944219914842919,6.340663391778441,-0.0014904963386119796,1.6218149963366123e-05,0.026054136651143603
adaptive gamma,adaptive,1e-05,4,167,439,-0.11082139931632505,6.339338932829324,0.7172385914841499,1.6215758699728856e-05,0.026144851596849875
adaptive gamma,adaptive,1e-05,4,168,440,-0.11185408352234304,6.3383429693734135,0.9228311676742021,1.621377584890722e-05,0.026204977042827402
adaptive gamma,adaptive,1e-05,4,169,441,-0.11278097678537387,6.337446265542937,0.7497453012426163,1.6212252301208842e-05,0.026254133299362797
adaptive gamma,adaptive,1e-05,4,170,442,-0.1137886487600787,6.336473887217284,-0.5978753417202218,1.6210547982710958e-05,0.026311164185829027
adaptive gamma,adaptive,1e-05,4,171,443,-0.11532973385121296,6.334997893756103,-0.32320117382711555,1.6207696778888306e-05,0.026419619132270738
adaptive gamma,adaptive,1e-05,4,172,444,-0.11681544975729381,6.3335733181618705,0.4524008760349594,1.620538159931026e-05,0.026519060188482473
adaptive gamma,adaptive,1e-05,4,173,445,-0.11797485822080424,6.332457011004148,-1.1094642624144757,1.6203664472812382e-05,0.026588595076246384
adaptive gamma,adaptive,1e-05,4,174,446,-0.11977628337100775,6.330734109751421,-1.260714155621843,1.6200952785213262e-05,0.026716981009966518
adaptive gamma,adaptive,1e-05,4,175,447,-0.12150227083792038,6.329084769629054,-0.3300614531208146,1.619794235871194e-05,0.026844721358461686
adaptive gamma,adaptive,1e-05,4,176,448,-0.1229632933302022,6.327684636570008,-1.540155864751545,1.619576652696716e-05,0.02694239377125719
adaptive gamma,adaptive,1e-05,4,177,449,-0.124965081448487,6.325772836184817,0.1037488933373063,1.6193045781395533e-05,0.027084186693737782
adaptive gamma,adaptive,1e-05,4,178,450,-0.12618532146956557,6.324601575296009,0.3640671790160677,1.6190895009841633e-05,0.02716448088065276
adaptive gamma,adaptive,1e-05,4,179,451,-0.12728404853623596,6.323545440849285,-1.6179081534489936,1.618878835986193e-05,0.027234368365881216
adaptive gamma,adaptive,1e-05,4,180,452,-0.12901200674395236,6.321897670746632,-0.9846006982136887,1.6185456018849816e-05,0.027369816985126475
adaptive gamma,adaptive,1e-05,4,181,453,-0.1306141189101183,6.320366841030898,-0.7615633074457803,1.6182853927739133e-05,0.027486635881481036
adaptive gamma,adaptive,1e-05,4,182,454,-0.13204234020896402,6.319002697324125,-0.5192888091183994,1.6179759909337105e-05,0.027594686311421514
adaptive gamma,adaptive,1e-05,4,183,455,-0.13346483219973931,6.31764240337589,0.8225240478442368,1.6177147963216747e-05,0.02769849919537894
adaptive gamma,adaptive,1e-05,4,184,456,-0.13434439606712628,6.316793267472768,-0.05885118286300495,1.6175567627203856e-05,0.027747852565436958
adaptive gamma,adaptive,1e-05,4,185,457,-0.13563694693352932,6.315554157966756,-1.003057005354524,1.617356659623596e-05,0.027834745499010587
adaptive gamma,adaptive,1e-05,4,186,458,-0.1371927723761032,6.314068571813219,0.43816713365991544,1.6171055555437785e-05,0.02794917221525786
adaptive gamma,adaptive,1e-05,4,187,459,-0.13820419746149556,6.313096859852286,-1.2598181876587065,1.6168733500866415e-05,0.028014991401784668
adaptive gamma,adaptive,1e-05,4,188,460,-0.13991143443467444,6.311468170441887,0.2094209789833864,1.6166266142963347e-05,0.028139507802999668
adaptive gamma,adaptive,1e-05,4,189,461,-0.1409797989686258,6.310443278532477,-0.8966664632118617,1.6163995694854784e-05,0.028211319505833752
adaptive gamma,adaptive,1e-05,4,190,462,-0.14235735036824676,6.309129045307844,0.9831137966565415,1.6161113008849765e-05,0.028317342200916876
adaptive gamma,adaptive,1e-05,4,191,463,-0.1431291495219704,6.308382371312641,1.3361246043066735,1.6159651245401298e-05,0.028357738431154144
adaptive gamma,adaptive,1e-05,4,192,464,-0.1437800418720673,6.307748893225257,0.8757388900610128,1.6158269275943316e-05,0.028385125483170324
adaptive gamma,adaptive,1e-05,4,193,465,-0.14459467123534095,6.3069620521415155,0.614821293205794,1.615670294694433e-05,0.028430002962741042
adaptive gamma,adaptive,1e-05,4,194,466,-0.1455320791428719,6.306059594062949,0.29527623320148755,1.6155009234101243e-05,0.028485976747765217
adaptive gamma,adaptive,1e-05,4,195,467,-0.146589823378923,6.305043962152057,-0.45243094067993517,1.61532907439021e-05,0.028553447397760633
adaptive gamma,adaptive,1e-05,4,196,468,-0.14787495915989587,6.303816528907562,0.022587492032233092,1.615064716488702e-05,0.028650288070331733
adaptive gamma,adaptive,1e-05,4,197,469,-0.14905214939132588,6.302688365551452,-0.6148366813806382,1.6148853049725224e-05,0.028728705777758278
adaptive gamma,adaptive,1e-05,4,198,470,-0.15041321871081578,6.301388471224735,-1.1088575364866522,1.6146747663653497e-05,0.02882567611420691
adaptive gamma,adaptive,1e-05,4,199,471,-0.15186047692822477,6.300008925243961,-1.076982147302826,1.6144299002863565e-05,0.02893576932112639
adaptive gamma,adaptive,1.0000000000000002e-06,5,0,472,-0.15323565185336427,0.4919577356760466,-0.4812114736821408,1.614178950770097e-05,0.029041296994681737
adaptive gamma,adaptive,1.0000000000000002e-06,5,1,473,-0.15447336749353,0.4907257141092498,0.752601999293305,1.6139011016246227e-05,0.029136697229777648
adaptive gamma,adaptive,1.0000000000000002e-06,5,2,474,-0.15535752729791505,0.4898448162922333,0.36528749125641513,1.6137352880886273e-05,0.029188972611301718
adaptive gamma,adaptive,1.0000000000000002e-06,5,3,475,-0.15641166902204579,0.4887949082497986,0.32241349081604687,1.6135618444874648e-05,0.029257560931414617
adaptive gamma,adaptive,1.0000000000000002e-06,5,4,476,-0.15743604601721478,0.4877747111188991,-0.38927499921281505,1.6133745022509115e-05,0.02932543687992297
adaptive gamma,adaptive,1.0000000000000002e-06,5,5,477,-0.15870632068931828,0.48651015625323896,-0.5433241773837787,1.613160203532844e-05,0.029418205336975794
adaptive gamma,adaptive,1.0000000000000002e-06,5,6,478,-0.1599830685649203,0.48523929966548185,-0.03311760998651703,1.6129178941723927e-05,0.029515543410163412
adaptive gamma,adaptive,1.0000000000000002e-06,5,7,479,-0.16112594747121445,0.4841013705929428,0.6003042922089066,1.6127296886356323e-05,0.02959477939097636
adaptive gamma,adaptive,1.0000000000000002e-06,5,8,480,-0.1620198299499775,0.48321095533669817,0.7426755886743002,1.6125355287655184e-05,0.02965154051534132
adaptive gamma,adaptive,1.0000000000000002e-06,5,9,481,-0.1628763948773839,0.4823575684262533,1.5790078772390788,1.6123569403297917e-05,0.029702843506572766
adaptive gamma,adaptive,1.0000000000000002e-06,5,10,482,-0.16347069619359816,0.48176457548494916,-2.00002004032618,1.612157494487713e-05,0.029722877619887723
adaptive gamma,adaptive,1.0000000000000002e-06,5,11,483,-0.16499401153271762,0.4802490061040353,-1.4248793126536805,1.6119054913541344e-05,0.029850370926128512
adaptive gamma,adaptive,1.0000000000000002e-06,5,12,484,-0.16643841561253236,0.47881173130111376,0.02532828362396078,1.6116711356696234e-05,0.029965854039077776
adaptive gamma,adaptive,1.0000000000000002e-06,5,13,485,-0.16751013749432395,0.47774464283877416,1.7250461325337225,1.6114554596953514e-05,0.03004008736891978
adaptive gamma,adaptive,1.0000000000000002e-06,5,14,486,-0.16803220113042408,0.47722341097649423,-1.1706865408481648,1.6111833729681775e-05,0.03005207531678774
adaptive gamma,adaptive,1.0000000000000002e-06,5,15,487,-0.16935572975430724,0.47590645731816716,0.06590216315992492,1.6109494790826188e-05,0.030161897817152738
adaptive gamma,adaptive,1.0000000000000002e-06,5,16,488,-0.1703679917527291,0.4748985734268437,1.422552558571876,1.610697050119862e-05,0.03023356968316303
adaptive gamma,adaptive,1.0000000000000002e-06,5,17,489,-0.17096997916264337,0.47429806747027703,-1.4448259350167811,1.6104933122923687e-05,0.030256500166249978
adaptive gamma,adaptive,1.0000000000000002e-06,5,18,490,-0.1723654654508619,0.4729095648860852,1.4873883363844644,1.6102639747509663e-05,0.03037016125474329
adaptive gamma,adaptive,1.0000000000000002e-06,5,19,491,-0.17294498524334012,0.47233135556027706,0.8644040512142097,1.6100595217592338e-05,0.03039016809999906
adaptive gamma,adaptive,1.0000000000000002e-06,5,20,492,-0.1737269961810726,0.4715520941704503,0.9258647331479757,1.6099108383254685e-05,0.030434369017902828
adaptive gamma,adaptive,1.0000000000000002e-06,5,21,493,-0.1745050678219419,0.470776654681462,-0.45570145999376976,1.6097949671875368e-05,0.03047667505654362
adaptive gamma,adaptive,1.0000000000000002e-06,5,22,494,-0.17564616449568657,0.46964094331048245,-0.15900684099199253,1.609587281506894e-05,0.030566347715297554
adaptive gamma,adaptive,1.0000000000000002e-06,5,23,495,-0.17671020901049908,0.46858169382231496,-1.2433420158012611,1.6093926887482345e-05,0.030645099455778108
adaptive gamma,adaptive,1.0000000000000002e-06,5,24,496,-0.17816918664638004,0.46712999122923704,0.17019467774351493,1.6091799650226863e-05,0.030759141390715762
adaptive gamma,adaptive,1.0000000000000002e-06,5,25,497,-0.1791716876933284,0.4661317548374375,0.8257001311607441,1.6090206764086575e-05,0.03082763732293665
adaptive gamma,adaptive,1.0000000000000002e-06,5,26,498,-0.17997350275787227,0.46533279503279346,0.019691375394504745,1.6087911077232978e-05,0.030872759111242504
adaptive gamma,adaptive,1.0000000000000002e-06,5,27,499,-0.18095157054090663,0.46435907509252783,-0.42695416792361285,1.608580084351388e-05,0.030944758993455966
adaptive gamma,adaptive,1.0000000000000002e-06,5,28,500,-0.18203585520858898,0.4632799393216128,-1.9922080558706197,1.6083694785885395e-05,0.03103043536392396
adaptive gamma,adaptive,1.0000000000000002e-06,5,29,501,-0.18340865868314984,0.46191439479258656,0.8210880646171994,1.60813427216535e-05,0.031149460181464462
adaptive gamma,adaptive,1.0000000000000002e-06,5,30,502,-0.18420575042104556,0.46112009250963193,-0.18830224567045412,1.6080242411746375e-05,0.03119376423525864
adaptive gamma,adaptive,1.0000000000000002e-06,5,31,503,-0.18520015224117076,0.46013022769798956,1.3429691907926538,1.607770679844411e-05,0.031268372573947094
adaptive gamma,adaptive,1.0000000000000002e-06,5,32,504,-0.1858071250327723,0.4595246676089063,-2.0572099277420057,1.607694599124789e-05,0.0312900262621631
adaptive gamma,adaptive,1.0000000000000002e-06,5,33,505,-0.1872274011914533,0.45811194879901485,0.07390289663549193,1.607463524444483e-05,0.03141190962596689
adaptive gamma,adaptive,1.0000000000000002e-06,5,34,506,-0.18815576159968578,0.4571876556843469,-2.2834713702914096,1.6072155746203818e-05,0.0314785853862931
adaptive gamma,adaptive,1.0000000000000002e-06,5,35,507,-0.18958642836865447,0.4557647291002097,0.07065523331591073,1.6069813562486058e-05,0.03160332790324657
adaptive gamma,adaptive,1.0000000000000002e-06,5,36,508,-0.19053172034293345,0.454823561942559,-0.36111096949214583,1.6067923954686148e-05,0.031669862142303835
adaptive gamma,adaptive,1.0000000000000002e-06,5,37,509,-0.19155743513701468,0.4538027361509675,-2.328596001269868,1.6065944932794744e-05,0.03175097211430422
adaptive gamma,adaptive,1.0000000000000002e-06,5,38,510,-0.1931429253423735,0.45222592299996867,-0.4249033363600393,1.6063530759108798e-05,0.03188570356915369
adaptive gamma,adaptive,1.0000000000000002e-06,5,39,511,-0.19413035910963403,0.451243194851907,-1.6723196946706196,1.6060915643243087e-05,0.03196319448204009
adaptive gamma,adaptive,1.0000000000000002e-06,5,40,512,-0.19529707902809096,0.45008283384869835,-1.6134316910780755,1.605851073850229e-05,0.032069826097399855
adaptive gamma,adaptive,1.0000000000000002e-06,5,41,513,-0.19662320053976107,0.44876373529738717,-0.16056268420228137,1.6056380426226287e-05,0.03218098818318402
adaptive gamma,adaptive,1.0000000000000002e-06,5,42,514,-0.19757482043206603,0.44781652179160697,-0.523661391279837,1.605450536522166e-05,0.03225341514165732
adaptive gamma,adaptive,1.0000000000000002e-06,5,43,515,-0.19860010506442413,0.4467961714957016,-1.4807659065641818,1.6052501261556326e-05,0.03233317026555131
adaptive gamma,adaptive,1.0000000000000002e-06,5,44,516,-0.19974808722612097,0.4456543014069155,1.4972102937742149,1.6050257901344165e-05,0.03243372176455942
adaptive gamma,adaptive,1.0000000000000002e-06,5,45,517,-0.20028017854383975,0.4451232406999691,0.7603309013397412,1.6049025627863392e-05,0.03244891201610822
adaptive gamma,adaptive,1.0000000000000002e-06,5,46,518,-0.2010274279123128,0.4443786839533761,-0.5564297359796286,1.6047599733798018e-05,0.032491510969172854
adaptive gamma,adaptive,1.0000000000000002e-06,5,47,519,-0.20202111830847452,0.4433898091632101,-0.019777603660654675,1.6045447882793295e-05,0.03256983098514478
adaptive gamma,adaptive,1.0000000000000002e-06,5,48,520,-0.2029774449038019,0.44243779797374516,1.7148395925493618,1.6043745393201087e-05,0.032640084129728644
adaptive gamma,adaptive,1.0000000000000002e-06,5,49,521,-0.2034493711518241,0.44196638105339764,1.0536108953117689,1.604246086804442e-05,0.03264654829282758
adaptive gamma,adaptive,1.0000000000000002e-06,5,50,522,-0.204111720179298,0.44130607531102684,0.7878636664886799,1.6041206116220145e-05,0.03267896844438849
adaptive gamma,adaptive,1.0000000000000002e-06,5,51,523,-0.2048569693249573,0.44056346595056006,0.3357649083779034,1.603977456970626e-05,0.03272120994990687
adaptive gamma,adaptive,1.0000000000000002e-06,5,52,524,-0.20570633639501995,0.4397175975563407,-1.3190625630299169,1.6038219879841824e-05,0.032776539845317906
adaptive gamma,adaptive,1.0000000000000002e-06,5,53,525,-0.20679037615090848,0.43863939569045374,-1.1900545842721315,1.6035615508482623e-05,0.03287376586294137
adaptive gamma,adaptive,1.0000000000000002e-06,5,54,526,-0.20791512231635362,0.43752053219298365,-0.41608768591004075,1.60334081191149e-05,0.03296920622355642
adaptive gamma,adaptive,1.0000000000000002e-06,5,55,527,-0.2088374620636377,0.43660267304132483,1.14289262933847,1.603105651224579e-05,0.033043225446820916
adaptive gamma,adaptive,1.0000000000000002e-06,5,56,528,-0.2094726336935882,0.4359692978877216,-0.6761462684781991,1.602974312480861e-05,0.03307134519352449
adaptive gamma,adaptive,1.0000000000000002e-06,5,57,529,-0.21051245809691527,0.4349346101324399,-0.8910897170143345,1.6027844193077396e-05,0.033152892517579344
adaptive gamma,adaptive,1.0000000000000002e-06,5,58,530,-0.21149519787484414,0.4339570329332606,1.4153570315799684,1.602522806181933e-05,0.03323913718041168
adaptive gamma,adaptive,1.0000000000000002e-06,5,59,531,-0.2120506015216929,0.43340273840690846,-0.11968019000148239,1.6024244240326407e-05,0.03325549089237841
adaptive gamma,adaptive,1.0000000000000002e-06,5,60,532,-0.21291829582603825,0.43253900599058415,-0.8160340741179053,1.6022133961303056e-05,0.03332009462272474
adaptive gamma,adaptive,1.0000000000000002e-06,5,61,533,-0.21395067829567554,0.43151181897982044,-0.7761730769078166,1.6020164712494365e-05,0.033403103289814794
adaptive gamma,adaptive,1.0000000000000002e-06,5,62,534,-0.2150026039005502,0.43046520049975184,1.3394917166057245,1.6018194610157157e-05,0.03348833649151473
adaptive gamma,adaptive,1.0000000000000002e-06,5,63,535,-0.21558001249967737,0.42988912251249745,1.3875516756910027,1.601684888383385e-05,0.03350851259473554
adaptive gamma,adaptive,1.0000000000000002e-06,5,64,536,-0.21616369344052447,0.42930654867058704,-0.353670446566232,1.6015956537904536e-05,0.0335247397024234
adaptive gamma,adaptive,1.0000000000000002e-06,5,65,537,-0.2171057970432506,0.4283689796439234,0.8753417740541776,1.6013890641569963e-05,0.033598998456074086
adaptive gamma,adaptive,1.0000000000000002e-06,5,66,538,-0.2178187797214193,0.4276583732689321,-1.6285928188528511,1.6012117393974992e-05,0.033636684617907316
adaptive gamma,adaptive,1.0000000000000002e-06,5,67,539,-0.21885944167418217,0.42662344719949175,0.05115662343227878,1.600971284848388e-05,0.03373087946578024
adaptive gamma,adaptive,1.0000000000000002e-06,5,68,540,-0.2197093272791365,0.4257772754596889,-0.5942748594848086,1.6007976566989504e-05,0.033790164637201615
adaptive gamma,adaptive,1.0000000000000002e-06,5,69,541,-0.2206171592923286,0.4248739906339254,0.07869221520716652,1.6005654306893676e-05,0.03386517623298134
adaptive gamma,adaptive,1.0000000000000002e-06,5,70,542,-0.221482817414837,0.42401212373996466,1.2112213769453657,1.6003984496535126e-05,0.033925855426583496
adaptive gamma,adaptive,1.0000000000000002e-06,5,71,543,-0.22213305576931447,0.4233635719538657,0.9470595037038257,1.600251401085631e-05,0.033951626744511444
adaptive gamma,adaptive,1.0000000000000002e-06,5,72,544,-0.22281445812338943,0.4226842990424504,-0.2278799610822846,1.6000235883459578e-05,0.033985101753242944
adaptive gamma,adaptive,1.0000000000000002e-06,5,73,545,-0.22375998029953637,0.4217431890448883,0.29256924782835625,1.5998749199075705e-05,0.03405587789496061
adaptive gamma,adaptive,1.0000000000000002e-06,5,74,546,-0.2245665468286404,0.4209399879769917,1.1654556534097371,1.5997274709936124e-05,0.034110424581299724
adaptive gamma,adaptive,1.0000000000000002e-06,5,75,547,-0.22520066286289786,0.42030753178482094,0.30680370493476994,1.5995451345867217e-05,0.034135572609408735
adaptive gamma,adaptive,1.0000000000000002e-06,5,76,548,-0.2259982490357202,0.41951318628714074,-0.4055853667014323,1.599376086050368e-05,0.034186927354847386
adaptive gamma,adaptive,1.0000000000000002e-06,5,77,549,-0.22689311669671258,0.41862257942209086,0.28569721777581947,1.599187794911086e-05,0.03425559761566665
adaptive gamma,adaptive,1.0000000000000002e-06,5,78,550,-0.22767613947092838,0.4178427783426041,-0.17960127393007483,1.5990174727065896e-05,0.034307461677813976
adaptive gamma,adaptive,1.0000000000000002e-06,5,79,551,-0.22854896879152317,0.4169740789855275,-1.4324648017410224,1.598851535155419e-05,0.03437549222974163
adaptive gamma,adaptive,1.0000000000000002e-06,5,80,552,-0.22969243741363646,0.41583685136149184,-0.20937511567165346,1.59865873463652e-05,0.03447322740858533
adaptive gamma,adaptive,1.0000000000000002e-06,5,81,553,-0.23051949625536533,0.4150136072375165,-1.575356818098225,1.5984251885301186e-05,0.03453536398811491
adaptive gamma,adaptive,1.0000000000000002e-06,5,82,554,-0.23146959652310814,0.4140688931930403,3.2374673098523044e-05,1.59819008307264e-05,0.03462479575660219
adaptive gamma,adaptive,1.0000000000000002e-06,5,83,555,-0.23227993559487597,0.4132621231762265,-0.4550087196344602,1.598002547917306e-05,0.0346823520483182
adaptive gamma,adaptive,1.0000000000000002e-06,5,84,556,-0.2332497977075181,0.41229697096905227,-2.2521392118289913,1.597831124865208e-05,0.03475707958057733
adaptive gamma,adaptive,1.0000000000000002e-06,5,85,557,-0.23421001719394477,0.41134271315947635,1.2203100366473016,1.5975428193047617e-05,0.034857530611990914
adaptive gamma,adaptive,1.0000000000000002e-06,5,86,558,-0.23486225872024627,0.41069204284445504,-1.2498499001872305,1.5974164051700437e-05,0.03488072907695582
adaptive gamma,adaptive,1.0000000000000002e-06,5,87,559,-0.23586421573894567,0.4096954422921836,0.26701283298194645,1.597227044047645e-05,0.03496578244870752
adaptive gamma,adaptive,1.0000000000000002e-06,5,88,560,-0.2366680292125525,0.4088949295737607,0.5522229287683744,1.5970872837362115e-05,0.035017463292114456
adaptive gamma,adaptive,1.0000000000000002e-06,5,89,561,-0.23744772520617802,0.40811810719307956,-0.8234061179702902,1.5969615780375162e-05,0.03506230288486457
adaptive gamma,adaptive,1.0000000000000002e-06,5,90,562,-0.2384580511759373,0.4071129723676905,0.24589220957077756,1.5967877776613563e-05,0.035143122222170996
adaptive gamma,adaptive,1.0000000000000002e-06,5,91,563,-0.23924656918735057,0.4063277593794401,-0.037259647956871755,1.5966088219009516e-05,0.03519662563734833
adaptive gamma,adaptive,1.0000000000000002e-06,5,92,564,-0.2401145964530511,0.4054635979393687,0.6948570248326454,1.5964591551036303e-05,0.0352571994863906
adaptive gamma,adaptive,1.0000000000000002e-06,5,93,565,-0.24084176650924352,0.4047389270062548,-1.9725498927296163,1.5963336725976657e-05,0.035296045251900214
adaptive gamma,adaptive,1.0000000000000002e-06,5,94,566,-0.24185644291254105,0.40373009873658705,-0.4381700297253195,1.596119108906309e-05,0.035390085279687
adaptive gamma,adaptive,1.0000000000000002e-06,5,95,567,-0.242775190350138,0.40281579663426476,0.10928906300587948,1.5959471480669262e-05,0.03546090237298903
adaptive gamma,adaptive,1.0000000000000002e-06,5,96,568,-0.24356608019931264,0.40202822226624796,1.2151915411235945,1.5957870929769794e-05,0.03551311622531337
adaptive gamma,adaptive,1.0000000000000002e-06,5,97,569,-0.24417458958660823,0.40142110321284585,-0.42625121310561304,1.5956701958030186e-05,0.03553389384591003
adaptive gamma,adaptive,1.0000000000000002e-06,5,98,570,-0.24498844082952673,0.40061115993428975,-1.6540902239089272,1.5954624656607913e-05,0.035597457754450695
adaptive gamma,adaptive,1.0000000000000002e-06,5,99,571,-0.24587388445142208,0.39973086254086587,0.9566131428311382,1.595214468564373e-05,0.03568280388143229
adaptive gamma,adaptive,1.0000000000000002e-06,5,100,572,-0.2465211839669968,0.39908543517469314,-0.4549716794478471,1.595070098401686e-05,0.035711781152556035
adaptive gamma,adaptive,1.0000000000000002e-06,5,101,573,-0.24736166321242828,0.39824894404038413,-1.3496597881953285,1.5948885924857136e-05,0.03577538416169203
adaptive gamma,adaptive,1.0000000000000002e-06,5,102,574,-0.24824306182348682,0.39737234954061235,0.7285368738132922,1.5946736852275674e-05,0.03585344433643204
adaptive gamma,adaptive,1.0000000000000002e-06,5,103,575,-0.2489399031079955,0.3966777571025404,-0.8345106520006661,1.5945247366511668e-05,0.035888225457492665
adaptive gamma,adaptive,1.0000000000000002e-06,5,104,576,-0.24975249114062473,0.395869444872777,-0.25228000318802934,1.5942847847902055e-05,0.03595882285088412
adaptive gamma,adaptive,1.0000000000000002e-06,5,105,577,-0.2505698577876229,0.39505582410718804,0.5298605479071592,1.5941100548421354e-05,0.03601857530865459
adaptive gamma,adaptive,1.0000000000000002e-06,5,106,578,-0.2513051553579441,0.39432313801308055,-1.0776906362762961,1.5939720996574206e-05,0.036058780298736236
adaptive gamma,adaptive,1.0000000000000002e-06,5,107,579,-0.25220069070334367,0.3934322825584811,0.09429146523552567,1.5937831444999984e-05,0.03613328842678455
adaptive gamma,adaptive,1.0000000000000002e-06,5,108,580,-0.25294757680937285,0.3926885032798968,-2.5490301933181825,1.5935871090523016e-05,0.03618317615812642
adaptive gamma,adaptive,1.0000000000000002e-06,5,109,581,-0.2539208013497083,0.3917212693121359,0.975729841117178,1.5933651981887957e-05,0.036280297812583184
adaptive gamma,adaptive,1.0000000000000002e-06,5,110,582,-0.2545664614277553,0.39107739006210374,-0.3022105395435281,1.5932285034437333e-05,0.036307569670905045
adaptive gamma,adaptive,1.0000000000000002e-06,5,111,583,-0.25534513414134835,0.3903022718650155,0.6105747878680202,1.5930247814893414e-05,0.03636488562076804
adaptive gamma,adaptive,1.0000000000000002e-06,5,112,584,-0.2560646570056553,0.38958520047064105,-0.09456033661842912,1.5928973930256173e-05,0.03640231155888897
adaptive gamma,adaptive,1.0000000000000002e-06,5,113,585,-0.256824832565844,0.3888284214679456,0.8899613083672764,1.5926959986168595e-05,0.03645740777258749
adaptive gamma,adaptive,1.0000000000000002e-06,5,114,586,-0.25748343667075985,0.38817170968100695,0.13450803304337577,1.5925537796441963e-05,0.0364864315034021
adaptive gamma,adaptive,1.0000000000000002e-06,5,115,587,-0.25825426999543555,0.3874039574964039,0.9295338068920127,1.592395839390235e-05,0.03653458136818547
adaptive gamma,adaptive,1.0000000000000002e-06,5,116,588,-0.258910858595452,0.3867491915142833,-1.5464219042914837,1.592260753240318e-05,0.03656235206905328
adaptive gamma,adaptive,1.0000000000000002e-06,5,117,589,-0.2597474704173724,0.38591728742290216,0.1809623052992101,1.5920378585197286e-05,0.036639296398848754
adaptive gamma,adaptive,1.0000000000000002e-06,5,118,590,-0.2605238222184362,0.3851440492887238,-0.3804494067974004,1.5918962391688246e-05,0.03668757171955549
adaptive gamma,adaptive,1.0000000000000002e-06,5,119,591,-0.26131357039006126,0.38435795801366873,-0.1664335390558683,1.5917084286363174e-05,0.03674624171150454
adaptive gamma,adaptive,1.0000000000000002e-06,5,120,592,-0.26209053483439,0.38358450382921144,-0.5349565897263859,1.5915164748761185e-05,0.036802998742362265
adaptive gamma,adaptive,1.0000000000000002e-06,5,121,593,-0.26292042250644054,0.3827585409547145,-0.7488043704735281,1.5913458522414337e-05,0.036864890829952826
adaptive gamma,adaptive,1.0000000000000002e-06,5,122,594,-0.2637344206111577,0.38194859650815904,0.385009053458895,1.5911520651854577e-05,0.03693015251596666
adaptive gamma,adaptive,1.0000000000000002e-06,5,123,595,-0.2644455436142087,0.3812400685004552,0.8891452516927734,1.590974056471747e-05,0.036971172665597345
adaptive gamma,adaptive,1.0000000000000002e-06,5,124,596,-0.2651193849323617,0.38056807609511595,0.1509997917450654,1.590848587176463e-05,0.03699887199618535
adaptive gamma,adaptive,1.0000000000000002e-06,5,125,597,-0.2658812423362905,0.37980915479828714,-0.3943032864563226,1.5906843521455e-05,0.03704473783468827
adaptive gamma,adaptive,1.0000000000000002e-06,5,126,598,-0.2667463372398198,0.3789481305753293,0.8908606029263353,1.5905236284352416e-05,0.03710903775160241
adaptive gamma,adaptive,1.0000000000000002e-06,5,127,599,-0.26741751450707807,0.3782787873227408,-2.5223170543718783,1.5903993153178583e-05,0.03713657277073979
adaptive gamma,adaptive,1.0000000000000002e-06,5,128,600,-0.26845261882410565,0.3772500914750192,-1.2570669901583145,1.5901951322596832e-05,0.03723725114102012
adaptive gamma,adaptive,1.0000000000000002e-06,5,129,601,-0.2693169327175647,0.3763905006192468,0.19507477687765395,1.5899960721506247e-05,0.037313609112417004
adaptive gamma,adaptive,1.0000000000000002e-06,5,130,602,-0.27006869757364727,0.37564161980518607,-1.0683328086583566,1.5898462157040033e-05,0.03735841533717668
adaptive gamma,adaptive,1.0000000000000002e-06,5,131,603,-0.2710382585632214,0.37467723125648966,-0.3712852958910191,1.5896798482251034e-05,0.037438094568420545
adaptive gamma,adaptive,1.0000000000000002e-06,5,132,604,-0.2718155805687484,0.37390338654778094,-1.1850973704733727,1.5895013756793826e-05,0.037493253920454474
adaptive gamma,adaptive,1.0000000000000002e-06,5,133,605,-0.2726430016673515,0.3730804148756525,0.34085804269676384,1.5893015825579594e-05,0.03756521885130705
adaptive gamma,adaptive,1.0000000000000002e-06,5,134,606,-0.2733617654616193,0.372364227959904,0.2119189386394167,1.589138390586775e-05,0.03760548262006865
adaptive gamma,adaptive,1.0000000000000002e-06,5,135,607,-0.2741205676370623,0.37160821419613754,-0.22566403500511695,1.5889844847390414e-05,0.03764851245597633
adaptive gamma,adaptive,1.0000000000000002e-06,5,136,608,-0.2748768639726647,0.37085514953861826,0.8300346761705656,1.5887998111004954e-05,0.03769985108137231
adaptive gamma,adaptive,1.0000000000000002e-06,5,137,609,-0.2755990271541389,0.37013490593044623,-2.169532242337665,1.5886754279050498e-05,0.0377280664104502
adaptive gamma,adaptive,1.0000000000000002e-06,5,138,610,-0.27636946496819487,0.3693696129539154,0.20108044052104895,1.588404211302393e-05,0.03781459621580244
adaptive gamma,adaptive,1.0000000000000002e-06,5,139,611,-0.2770961683581619,0.3686457005212406,-1.1070211265250127,1.5882302746774283e-05,0.03785879722940706
adaptive gamma,adaptive,1.0000000000000002e-06,5,140,612,-0.2779059677749973,0.36784018681852326,-0.23855240589932958,1.588032679768742e-05,0.03792802759145806
adaptive gamma,adaptive,1.0000000000000002e-06,5,141,613,-0.27866113498045403,0.3670882960557074,-1.1076822595029958,1.5878522872101837e-05,0.0379801816066061
adaptive gamma,adaptive,1.0000000000000002e-06,5,142,614,-0.27944253277649383,0.36631119840634935,0.8034877453735163,1.5876280536148922e-05,0.03805087609866362
adaptive gamma,adaptive,1.0000000000000002e-06,5,143,615,-0.280135646222406,0.3656200275084836,0.10949151902476628,1.5874967877304122e-05,0.03808036194839703
adaptive gamma,adaptive,1.0000000000000002e-06,5,144,616,-0.280924809625331,0.36483399823201884,1.738785449595436,1.5873581736719863e-05,0.038129022710529765
adaptive gamma,adaptive,1.0000000000000002e-06,5,145,617,-0.2816209575044199,0.3641381559387607,0.36393476872517416,1.5872669880252166e-05,0.03812986036344466
adaptive gamma,adaptive,1.0000000000000002e-06,5,146,618,-0.2823516370589513,0.36341007599180153,-1.2083941616566256,1.5871073124032675e-05,0.038170617317300676
adaptive gamma,adaptive,1.0000000000000002e-06,5,147,619,-0.28313804856309005,0.3626278975612292,-0.7897108228710282,1.5868995893458064e-05,0.038239397761069584
adaptive gamma,adaptive,1.0000000000000002e-06,5,148,620,-0.28392402838907393,0.361845660879473,-1.2609863053087127,1.586717029771422e-05,0.03829879644409129
adaptive gamma,adaptive,1.0000000000000002e-06,5,149,621,-0.2846882631716362,0.3610855952556852,1.5097976480837532,1.5864996210005164e-05,0.03836685558248267
adaptive gamma,adaptive,1.0000000000000002e-06,5,150,622,-0.2853455597238888,0.3604289167792895,0.839972627379306,1.5864028489764376e-05,0.038373294992320006
adaptive gamma,adaptive,1.0000000000000002e-06,5,151,623,-0.28603836356589374,0.35973787009237235,-0.6111013406319188,1.5862715273174083e-05,0.038399273084368094
adaptive gamma,adaptive,1.0000000000000002e-06,5,152,624,-0.2869036631245516,0.3588767144371422,0.41351013593280606,1.586116878704526e-05,0.03846385679782181
adaptive gamma,adaptive,1.0000000000000002e-06,5,153,625,-0.2876769919677178,0.3581060331634215,-0.4347100478696928,1.5859987538802315e-05,0.038503995789042254
adaptive gamma,adaptive,1.0000000000000002e-06,5,154,626,-0.28854063136078323,0.3572463648513059,0.5830742488972116,1.5858535504425182e-05,0.03856533001406015
adaptive gamma,adaptive,1.0000000000000002e-06,5,155,627,-0.2892891942302935,0.35649991314273516,-1.022532236701334,1.58569052002584e-05,0.038597123574811196
adaptive gamma,adaptive,1.0000000000000002e-06,5,156,628,-0.29014323557919597,0.35565023459197376,0.42983242640243324,1.585521264578441e-05,0.03866577843351904
adaptive gamma,adaptive,1.0000000000000002e-06,5,157,629,-0.29089036257812323,0.3549055486887252,-0.77556007859536,1.5853957041700672e-05,0.03870253653716212
adaptive gamma,adaptive,1.0000000000000002e-06,5,158,630,-0.29174308373379326,0.3540569620624953,0.6342050019065646,1.5852395578175935e-05,0.038766635070562966
adaptive gamma,adaptive,1.0000000000000002e-06,5,159,631,-0.2924690283186346,0.3533331365242239,-1.7301149590513734,1.5851073567243857e-05,0.03879866398271669
adaptive gamma,adaptive,1.0000000000000002e-06,5,160,632,-0.2933688998264804,0.35243834662491247,-1.0047423234708441,1.5849323681413907e-05,0.03887772560822902
adaptive gamma,adaptive,1.0000000000000002e-06,5,161,633,-0.2941397801018924,0.35167132566264464,-1.0188220716163496,1.5847396764507868e-05,0.03893962103905213
adaptive gamma,adaptive,1.0000000000000002e-06,5,162,634,-0.29490668600886516,0.35090842070139805,-0.5812319558425955,1.5845326500500784e-05,0.03900462259156143
adaptive gamma,adaptive,1.0000000000000002e-06,5,163,635,-0.29574261841056226,0.3500763427012856,-0.27514234196925125,1.584383889111156e-05,0.03906400947061651
adaptive gamma,adaptive,1.0000000000000002e-06,5,164,636,-0.2964797073725806,0.3493422795113657,-1.036424564194061,1.5841873731665563e-05,0.03911202477678858
adaptive gamma,adaptive,1.0000000000000002e-06,5,165,637,-0.2973790186696137,0.348447601582764,-2.1776596913172184,1.5840302638498423e-05,0.0391833812016451
adaptive gamma,adaptive,1.0000000000000002e-06,5,166,638,-0.2983461758099689,0.34748630569518224,1.0311849343651038,1.5838498946853455e-05,0.03927308993645495
adaptive gamma,adaptive,1.0000000000000002e-06,5,167,639,-0.29909322989866544,0.3467406595715629,-1.300062501043289,1.583736462090648e-05,0.03929219210199263
adaptive gamma,adaptive,1.0000000000000002e-06,5,168,640,-0.29996882924636964,0.34586973440693064,1.550823749195904,1.5835686631136118e-05,0.03936524879031807
adaptive gamma,adaptive,1.0000000000000002e-06,5,169,641,-0.3006155863146562,0.3452233868892604,-0.3217973672738048,1.5834825803236653e-05,0.0393681227799647
adaptive gamma,adaptive,1.0000000000000002e-06,5,170,642,-0.3013796549359904,0.34446250248233057,0.0973442095521615,1.5833130288658127e-05,0.03941816700933176
adaptive gamma,adaptive,1.0000000000000002e-06,5,171,643,-0.3021216952476057,0.34372302761203277,-0.27694153953334344,1.583131281422896e-05,0.039457972017057225
adaptive gamma,adaptive,1.0000000000000002e-06,5,172,644,-0.30289653851495707,0.34295131686380503,-1.7796149838117,1.582973049073445e-05,0.03950662165123688
adaptive gamma,adaptive,1.0000000000000002e-06,5,173,645,-0.3036292997711103,0.3422229562108854,-0.15840692778283588,1.5827489721538562e-05,0.03957896135059715
adaptive gamma,adaptive,1.0000000000000002e-06,5,174,646,-0.30440189204310125,0.3414534473270027,-1.5729462229605546,1.5825880322756957e-05,0.039627198047516576
adaptive gamma,adaptive,1.0000000000000002e-06,5,175,647,-0.3052350490539364,0.3406248241619819,-0.510805411577635,1.5824140595750546e-05,0.03969849710536771
adaptive gamma,adaptive,1.0000000000000002e-06,5,176,648,-0.3059879166564881,0.33987508718180853,0.20331405754076026,1.5822282231130317e-05,0.039747734224234374
adaptive gamma,adaptive,1.0000000000000002e-06,5,177,649,-0.3067616481054007,0.3391038299949159,0.07358704631205304,1.582084963626008e-05,0.03978486191564355
adaptive gamma,adaptive,1.0000000000000002e-06,5,178,650,-0.30753880679986145,0.3383293415423334,-0.5188704097427843,1.581943775237573e-05,0.039825177885542754
adaptive gamma,adaptive,1.0000000000000002e-06,5,179,651,-0.30830551961844327,0.3375658343605444,0.010540896881574002,1.5817725957817465e-05,0.039875268063080206
adaptive gamma,adaptive,1.0000000000000002e-06,5,180,652,-0.3090838618111828,0.3367902303422437,-1.7254257762657925,1.5816295866466332e-05,0.0399167644991277
adaptive gamma,adaptive,1.0000000000000002e-06,5,181,653,-0.3099846415923432,0.3358945144698793,1.0683020233191742,1.5814628643786334e-05,0.039994551268186185
adaptive gamma,adaptive,1.0000000000000002e-06,5,182,654,-0.3107991999167647,0.33508125946231687,-0.9243321757209392,1.581350924823254e-05,0.040011233068766305
adaptive gamma,adaptive,1.0000000000000002e-06,5,183,655,-0.3115544991793113,0.33432953608477495,-1.3156790921264028,1.5811631601786254e-05,0.040068176478919804
adaptive gamma,adaptive,1.0000000000000002e-06,5,184,656,-0.3123699035808515,0.3335183209917675,1.5662437298294987,1.5809936986816214e-05,0.040133927738658905
adaptive gamma,adaptive,1.0000000000000002e-06,5,185,657,-0.3132625748473076,0.3326261631409583,-1.9224320301378048,1.5808839697256692e-05,0.04013667044808308
adaptive gamma,adaptive,1.0000000000000002e-06,5,186,658,-0.3141203687951867,0.3317732475943346,-2.3460974884065067,1.5807119269585317e-05,0.04021266869915705
adaptive gamma,adaptive,1.0000000000000002e-06,5,187,659,-0.31497890265023043,0.33091991450296143,0.4318115725702897,1.580532937533755e-05,0.04029411071516732
adaptive gamma,adaptive,1.0000000000000002e-06,5,188,660,-0.3157718118536683,0.3301292104273523,0.9629634900710264,1.5804135961865454e-05,0.04032597749774892
adaptive gamma,adaptive,1.0000000000000002e-06,5,189,661,-0.3165136355057737,0.3293887806005469,1.220996847888109,1.5802986956957125e-05,0.04034507860002112
adaptive gamma,adaptive,1.0000000000000002e-06,5,190,662,-0.3172637554809038,0.32863963244739536,0.36325231686027115,1.5802090090030537e-05,0.04035692851914097
adaptive gamma,adaptive,1.0000000000000002e-06,5,191,663,-0.31808060842566593,0.3278252874354867,-0.9729505511457714,1.5800976451730712e-05,0.040393919465784335
adaptive gamma,adaptive,1.0000000000000002e-06,5,192,664,-0.31890523877733895,0.32700460502770307,-0.43667680527199737,1.579933174438006e-05,0.04045577527870124
adaptive gamma,adaptive,1.0000000000000002e-06,5,193,665,-0.31974917212701864,0.32616420425994824,-2.1621930356324945,1.5797927272169766e-05,0.04050975342258576
adaptive gamma,adaptive,1.0000000000000002e-06,5,194,666,-0.3204273817392252,0.3254902055281728,0.048319037238757856,1.5795718974630825e-05,0.040578835295216976
adaptive gamma,adaptive,1.0000000000000002e-06,5,195,667,-0.32122013310810643,0.32469992454630264,-0.8813844011502967,1.5794148149899857e-05,0.04061591592625708
adaptive gamma,adaptive,1.0000000000000002e-06,5,196,668,-0.3219565585664416,0.3239668070909771,-0.11588829278689294,1.5792153156118278e-05,0.04066853268021615
adaptive gamma,adaptive,1.0000000000000002e-06,5,197,669,-0.32278089339588517,0.3231453749822734,-0.13586505030805482,1.5790852684112272e-05,0.040711587848952124
adaptive gamma,adaptive,1.0000000000000002e-06,5,198,670,-0.3235493812600881,0.32237954594394064,0.050065768722552854,1.578910107393239e-05,0.04075250857933194
adaptive gamma,adaptive,1.0000000000000002e-06,5,199,671,-0.32436016766430326,0.3215712002126245,0.6847875974891492,1.578720769433629e-05,0.04078940577230216
